run_name,source,image_tag,digest,manifest_type
_________not_yet_complete_90_days_list________,_,_,_,_
2026-01-26_Build_&_Release_21354617254_failure,buildx,harbor2.vantage6.ai/infrastructure/node:4.13.6rc1,sha256:4fc28b0b8d78c60cb408fe3276d466f86163b63dbba14e4d25ce55d875982f03,manifest
2026-01-26_Build_&_Release_21354617254_failure,buildx,harbor2.vantage6.ai/infrastructure/node:4.13.6rc1,sha256:57c78c800d33c43956f841c7e01cdf1d34f710e4bf10f1f2e2c3c04e1d626f52,attestation
2026-01-26_Build_&_Release_21354617254_failure,buildx,harbor2.vantage6.ai/infrastructure/node:4.13.6rc1,sha256:99f391834a6d94d2caaed1ca5004af7871056f3cab92d0352150523f40f77ebe,manifest
2026-01-26_Build_&_Release_21354617254_failure,buildx,harbor2.vantage6.ai/infrastructure/node:4.13.6rc1,sha256:cca42e41cbcd60573a6daf0eecbeca60bd45850966a2d38f64927eba64b4d24b,attestation
2026-01-26_Build_&_Release_21354617254_failure,buildx,harbor2.vantage6.ai/infrastructure/node:4.13.6rc1,sha256:7dbf92ee3554c014814701cdb6281f149af05c6c745e252c7086f490f9b7a8ef,manifest_list
2026-01-26_Build_&_Release_21354617254_failure,buildx,harbor2.vantage6.ai/infrastructure/server:4.13.6rc1,sha256:4fc28b0b8d78c60cb408fe3276d466f86163b63dbba14e4d25ce55d875982f03,manifest
2026-01-26_Build_&_Release_21354617254_failure,buildx,harbor2.vantage6.ai/infrastructure/server:4.13.6rc1,sha256:57c78c800d33c43956f841c7e01cdf1d34f710e4bf10f1f2e2c3c04e1d626f52,attestation
2026-01-26_Build_&_Release_21354617254_failure,buildx,harbor2.vantage6.ai/infrastructure/server:4.13.6rc1,sha256:99f391834a6d94d2caaed1ca5004af7871056f3cab92d0352150523f40f77ebe,manifest
2026-01-26_Build_&_Release_21354617254_failure,buildx,harbor2.vantage6.ai/infrastructure/server:4.13.6rc1,sha256:cca42e41cbcd60573a6daf0eecbeca60bd45850966a2d38f64927eba64b4d24b,attestation
2026-01-26_Build_&_Release_21354617254_failure,buildx,harbor2.vantage6.ai/infrastructure/server:4.13.6rc1,sha256:7dbf92ee3554c014814701cdb6281f149af05c6c745e252c7086f490f9b7a8ef,manifest_list
2026-01-26_Build_&_Release_21354617254_failure,buildx,harbor2.vantage6.ai/infrastructure/algorithm-store:4.13.6rc1,sha256:f335e1805748913eac91a03fe522b459ba9c27c83150a570cf1c20776b994f05,manifest
2026-01-26_Build_&_Release_21354617254_failure,buildx,harbor2.vantage6.ai/infrastructure/algorithm-store:4.13.6rc1,sha256:1ef8ebe0bd73a723e5f81bb4ac9a7ee86a7297d155c7ca3acfb2025101e8e6a8,attestation
2026-01-26_Build_&_Release_21354617254_failure,buildx,harbor2.vantage6.ai/infrastructure/algorithm-store:4.13.6rc1,sha256:ffc0663fe7ed5657c12381ea5fc9da1e1c59aac59cce47ff254d8071587a354a,manifest
2026-01-26_Build_&_Release_21354617254_failure,buildx,harbor2.vantage6.ai/infrastructure/algorithm-store:4.13.6rc1,sha256:9cb1de9778a2dfa9f39e914d79b1867d880ebb82f905c7340d8ba482ccf212f4,attestation
2026-01-26_Build_&_Release_21354617254_failure,buildx,harbor2.vantage6.ai/infrastructure/algorithm-store:4.13.6rc1,sha256:5a3de917bd7d816ff331569b283cb4862254e9a8dec930283e42e04c2d08d7d2,manifest_list
2026-01-26_Build_&_Release_21354617254_failure,buildx,harbor2.vantage6.ai/infrastructure/alpine:4.13.6rc1,sha256:f82e35f27e95176654f7664b73c5346ff61ebb57535199c1278777dc4ca1dd1c,manifest
2026-01-26_Build_&_Release_21354617254_failure,buildx,harbor2.vantage6.ai/infrastructure/alpine:4.13.6rc1,sha256:16037f7d5a4fa17320a1b23eb6e7a5e074363d3bc44b9e5d8def6ac0fd3f560a,attestation
2026-01-26_Build_&_Release_21354617254_failure,buildx,harbor2.vantage6.ai/infrastructure/alpine:4.13.6rc1,sha256:df5ed61334c46fbe5972327e233c8307caa4652043940da3c9ba8c9a20b02dc9,manifest
2026-01-26_Build_&_Release_21354617254_failure,buildx,harbor2.vantage6.ai/infrastructure/alpine:4.13.6rc1,sha256:2f49e96f1a8ae7568f8341e0c7ee7ea36ff1fc605caab37689c7b12c1a17befa,attestation
2026-01-26_Build_&_Release_21354617254_failure,buildx,harbor2.vantage6.ai/infrastructure/alpine:4.13.6rc1,sha256:04692f988074064d4066e82799dad3be4e4fae57ea59438780f9c78332d927c3,manifest_list
2026-01-26_Build_&_Release_21354617254_failure,buildx,harbor2.vantage6.ai/infrastructure/vpn-client:4.13.6rc1,sha256:678e5ac465e3e3f81569e10cbe4970498a1e5ed05a9ec63656e8a5417181a694,manifest
2026-01-26_Build_&_Release_21354617254_failure,buildx,harbor2.vantage6.ai/infrastructure/vpn-client:4.13.6rc1,sha256:5c7894734d351202e01c22450fe06fcc1a4cbe5f74f496ab8a050a48f394b2fc,attestation
2026-01-26_Build_&_Release_21354617254_failure,buildx,harbor2.vantage6.ai/infrastructure/vpn-client:4.13.6rc1,sha256:3f8292113de336da2651b52a83eb47c1981c581d8d33578c7a838fc5d92e9e28,manifest
2026-01-26_Build_&_Release_21354617254_failure,buildx,harbor2.vantage6.ai/infrastructure/vpn-client:4.13.6rc1,sha256:06ba33c8601c20f07cb08d3f0966ca37fe825a130ca621d8025c450c2f6cc2ee,attestation
2026-01-26_Build_&_Release_21354617254_failure,buildx,harbor2.vantage6.ai/infrastructure/vpn-client:4.13.6rc1,sha256:f6b138d73bd8bc8ecbdf9432e3850845d69e237a09430e8e58ad8ce7d3f86442,manifest_list
2026-01-26_Build_&_Release_21354617254_failure,buildx,harbor2.vantage6.ai/infrastructure/vpn-configurator:4.13.6rc1,sha256:6833c1a5d8562209ae946c31845ccfb4901480b516c76129e96b84063edd8254,manifest
2026-01-26_Build_&_Release_21354617254_failure,buildx,harbor2.vantage6.ai/infrastructure/vpn-configurator:4.13.6rc1,sha256:bc01c6793c1815210e529569b438a39ac85eda0d2f7e04a9287526ec90497968,attestation
2026-01-26_Build_&_Release_21354617254_failure,buildx,harbor2.vantage6.ai/infrastructure/vpn-configurator:4.13.6rc1,sha256:492c89821bc8bce9286a3bc2fa75d309bc36c7f50a71d915c8bee0bf0e6e8403,manifest
2026-01-26_Build_&_Release_21354617254_failure,buildx,harbor2.vantage6.ai/infrastructure/vpn-configurator:4.13.6rc1,sha256:3604d5323589d49bf70c25d0bd585f7c3193faeb9be12638ff243c600815fc72,attestation
2026-01-26_Build_&_Release_21354617254_failure,buildx,harbor2.vantage6.ai/infrastructure/vpn-configurator:4.13.6rc1,sha256:8b623bb3b334c0149afa857e2f629374e17abee7a3b7023d872fa6e22f645b08,manifest_list
2026-01-26_Build_&_Release_21354617254_failure,buildx,harbor2.vantage6.ai/infrastructure/ssh-tunnel:4.13.6rc1,sha256:09037eb7307b196ac5559a691e43d133d2f1df8d3da250c3031c613956ef2797,manifest
2026-01-26_Build_&_Release_21354617254_failure,buildx,harbor2.vantage6.ai/infrastructure/ssh-tunnel:4.13.6rc1,sha256:badc5a81fd0a5c9628f0e8d59e33c327b2a8c57e24b0533b4111d96ff61fc1b3,attestation
2026-01-26_Build_&_Release_21354617254_failure,buildx,harbor2.vantage6.ai/infrastructure/ssh-tunnel:4.13.6rc1,sha256:4a42d482ccc68112cdd4dd0bd36c9ec6ecb8d60650177b837d78836eaa604ce6,manifest
2026-01-26_Build_&_Release_21354617254_failure,buildx,harbor2.vantage6.ai/infrastructure/ssh-tunnel:4.13.6rc1,sha256:2f4a9d6352f4ca4ddd781f49340ff096d18e77ae8f36c5194935fed7e43fcc79,attestation
2026-01-26_Build_&_Release_21354617254_failure,buildx,harbor2.vantage6.ai/infrastructure/ssh-tunnel:4.13.6rc1,sha256:83883adac713cd696274349c09b332f1e57879f39f3e5087fd9b11e1d38119df,manifest_list
2026-01-26_Build_&_Release_21354617254_failure,buildx,harbor2.vantage6.ai/infrastructure/squid:4.13.6rc1,sha256:6c90593300cfd2a122cda3da78eab5943ef6d3f24378c1eac83e162a8643aa8b,manifest
2026-01-26_Build_&_Release_21354617254_failure,buildx,harbor2.vantage6.ai/infrastructure/squid:4.13.6rc1,sha256:283f9e49c6691d226266073b6ce61df68c3498546a73b05e2a50b3c2d63c58d9,attestation
2026-01-26_Build_&_Release_21354617254_failure,buildx,harbor2.vantage6.ai/infrastructure/squid:4.13.6rc1,sha256:60858418549f4359fe4e2c741b92820e26e52cab3319733bf3d197b99e23b812,manifest
2026-01-26_Build_&_Release_21354617254_failure,buildx,harbor2.vantage6.ai/infrastructure/squid:4.13.6rc1,sha256:639280a51f5367acb962653d7e5fb5437d445253bbf7c8c469fe95b05c9d066f,attestation
2026-01-26_Build_&_Release_21354617254_failure,buildx,harbor2.vantage6.ai/infrastructure/squid:4.13.6rc1,sha256:d8543cfd48d8dca1167e8c86a3415c1571c35228e4de5b8efc85c9cc9c1ac7d0,manifest_list
2026-01-26_Build_&_Release_21361842995_cancelled,buildx,harbor2.vantage6.ai/infrastructure/alpine:4.13.6rc2,sha256:f82e35f27e95176654f7664b73c5346ff61ebb57535199c1278777dc4ca1dd1c,manifest
2026-01-26_Build_&_Release_21361842995_cancelled,buildx,harbor2.vantage6.ai/infrastructure/alpine:4.13.6rc2,sha256:5d65f7188540b6c984a8455d8db637ecdc6b2b6221ddb4bb584bd26fe413f1d9,attestation
2026-01-26_Build_&_Release_21361842995_cancelled,buildx,harbor2.vantage6.ai/infrastructure/alpine:4.13.6rc2,sha256:df5ed61334c46fbe5972327e233c8307caa4652043940da3c9ba8c9a20b02dc9,manifest
2026-01-26_Build_&_Release_21361842995_cancelled,buildx,harbor2.vantage6.ai/infrastructure/alpine:4.13.6rc2,sha256:dc848c27c2d9ff5c21a9eb29218c441b7a3d6537891c13605c77188db72cceaa,attestation
2026-01-26_Build_&_Release_21361842995_cancelled,buildx,harbor2.vantage6.ai/infrastructure/alpine:4.13.6rc2,sha256:7f023c21827bc045cebf33b8ae15153872c7a9aa5843ad5d106a6a5bece4758b,manifest_list
2026-01-26_Build_&_Release_21361842995_cancelled,buildx,harbor2.vantage6.ai/infrastructure/vpn-client:4.13.6rc2,sha256:66625d9e7e997fe00eb1173954731619905896c4580f35ea59e6680f833cce14,manifest
2026-01-26_Build_&_Release_21361842995_cancelled,buildx,harbor2.vantage6.ai/infrastructure/vpn-client:4.13.6rc2,sha256:d2a2f34030ba387ef74a6da278fafd812378c1f51beb16d1a7303c571f512298,attestation
2026-01-26_Build_&_Release_21361842995_cancelled,buildx,harbor2.vantage6.ai/infrastructure/vpn-client:4.13.6rc2,sha256:5d72e46a603b00fa9601b0a894b7a2164bc47a369fbc5ef166d5495e4924fc34,manifest
2026-01-26_Build_&_Release_21361842995_cancelled,buildx,harbor2.vantage6.ai/infrastructure/vpn-client:4.13.6rc2,sha256:87ed91753acf262e2edbf4e3774970afd3c5ccd7f03077633548fddc659422ca,attestation
2026-01-26_Build_&_Release_21361842995_cancelled,buildx,harbor2.vantage6.ai/infrastructure/vpn-client:4.13.6rc2,sha256:2244f6a609ad11c4b88323022977a76236c8a0efac713c1af75bee3ccab2ff18,manifest_list
2026-01-26_Build_&_Release_21361842995_cancelled,buildx,harbor2.vantage6.ai/infrastructure/vpn-configurator:4.13.6rc2,sha256:63e0081f6c1a0348ec34f2c5fece3c8f802fa93a0f8cc8bb196e7508f7de5372,manifest
2026-01-26_Build_&_Release_21361842995_cancelled,buildx,harbor2.vantage6.ai/infrastructure/vpn-configurator:4.13.6rc2,sha256:267d218526fc6ed37d4434e851a4ea4955b824f5778f2bc8b6e40f9969f10ba3,attestation
2026-01-26_Build_&_Release_21361842995_cancelled,buildx,harbor2.vantage6.ai/infrastructure/vpn-configurator:4.13.6rc2,sha256:da1583df86b7f598719d2334f5089cfbf46523c7ddebbdf07d1c75090b62fc95,manifest
2026-01-26_Build_&_Release_21361842995_cancelled,buildx,harbor2.vantage6.ai/infrastructure/vpn-configurator:4.13.6rc2,sha256:e33e5134f37992fc4d5eff1f78cc0cfbb32ab90ff59531eba91b2fcd27a0d070,attestation
2026-01-26_Build_&_Release_21361842995_cancelled,buildx,harbor2.vantage6.ai/infrastructure/vpn-configurator:4.13.6rc2,sha256:82e7bc8750dc3f879781a48a815f489d3238cb540682988dc880efa11d28fee2,manifest_list
2026-01-26_Build_&_Release_21361842995_cancelled,buildx,harbor2.vantage6.ai/infrastructure/ssh-tunnel:4.13.6rc2,sha256:0db71177881efd27fd5518463fafacc71adf2f7f66c7f6ec46296d331371dae7,manifest
2026-01-26_Build_&_Release_21361842995_cancelled,buildx,harbor2.vantage6.ai/infrastructure/ssh-tunnel:4.13.6rc2,sha256:3a9b78f1456082b3953471979b172b4f496bc8eee51804370554414b38cc0a01,attestation
2026-01-26_Build_&_Release_21361842995_cancelled,buildx,harbor2.vantage6.ai/infrastructure/ssh-tunnel:4.13.6rc2,sha256:8d849d5e4872301fe0427630c3f083a4ff0a0a51b2352090ea333bb7fc5d65a2,manifest
2026-01-26_Build_&_Release_21361842995_cancelled,buildx,harbor2.vantage6.ai/infrastructure/ssh-tunnel:4.13.6rc2,sha256:0d7fe8995c4cc209e5a82a4153b36f7c521620c18e1a4bd1958c1e077f4a034d,attestation
2026-01-26_Build_&_Release_21361842995_cancelled,buildx,harbor2.vantage6.ai/infrastructure/ssh-tunnel:4.13.6rc2,sha256:c59c120f56294e9deae707d18edc2fdd155b8dd880f2d52ea2818cfb408be461,manifest_list
2026-01-26_Build_&_Release_21361985947_success,buildx,harbor2.vantage6.ai/infrastructure/node:4.13.6rc3,sha256:16cfd51896d63b3ce450d8d8ad906efabbf18d656a0f5e9c9febd73cbd4c7be6,manifest
2026-01-26_Build_&_Release_21361985947_success,buildx,harbor2.vantage6.ai/infrastructure/node:4.13.6rc3,sha256:54d6cd6bbeb9607939e1ccbae203e76490ad0225ec98ae98341065c670c6b41c,attestation
2026-01-26_Build_&_Release_21361985947_success,buildx,harbor2.vantage6.ai/infrastructure/node:4.13.6rc3,sha256:584b84a8951050b9bdeeb84407acb8073111061894f6f0d829da607710217710,manifest
2026-01-26_Build_&_Release_21361985947_success,buildx,harbor2.vantage6.ai/infrastructure/node:4.13.6rc3,sha256:b5a3fe3eb0a9818d71ce566047e61e3159155983fcff8e264228068d1e5d4bbd,attestation
2026-01-26_Build_&_Release_21361985947_success,buildx,harbor2.vantage6.ai/infrastructure/node:4.13.6rc3,sha256:57ca79d5fc585ccb5d41c45f38abf1d8faf1be536741277a7b1c807f872170a4,manifest_list
2026-01-26_Build_&_Release_21361985947_success,buildx,harbor2.vantage6.ai/infrastructure/server:4.13.6rc3,sha256:16cfd51896d63b3ce450d8d8ad906efabbf18d656a0f5e9c9febd73cbd4c7be6,manifest
2026-01-26_Build_&_Release_21361985947_success,buildx,harbor2.vantage6.ai/infrastructure/server:4.13.6rc3,sha256:54d6cd6bbeb9607939e1ccbae203e76490ad0225ec98ae98341065c670c6b41c,attestation
2026-01-26_Build_&_Release_21361985947_success,buildx,harbor2.vantage6.ai/infrastructure/server:4.13.6rc3,sha256:584b84a8951050b9bdeeb84407acb8073111061894f6f0d829da607710217710,manifest
2026-01-26_Build_&_Release_21361985947_success,buildx,harbor2.vantage6.ai/infrastructure/server:4.13.6rc3,sha256:b5a3fe3eb0a9818d71ce566047e61e3159155983fcff8e264228068d1e5d4bbd,attestation
2026-01-26_Build_&_Release_21361985947_success,buildx,harbor2.vantage6.ai/infrastructure/server:4.13.6rc3,sha256:57ca79d5fc585ccb5d41c45f38abf1d8faf1be536741277a7b1c807f872170a4,manifest_list
2026-01-26_Build_&_Release_21361985947_success,buildx,harbor2.vantage6.ai/infrastructure/algorithm-store:4.13.6rc3,sha256:099d27236d19631bf6dee936c30c0c207ae463271d7523118193f54b9c2bfad5,manifest
2026-01-26_Build_&_Release_21361985947_success,buildx,harbor2.vantage6.ai/infrastructure/algorithm-store:4.13.6rc3,sha256:b5d149145e01f376b6efe91156b3ddb2d3a145032c4f7fa173d8b345bed2440d,attestation
2026-01-26_Build_&_Release_21361985947_success,buildx,harbor2.vantage6.ai/infrastructure/algorithm-store:4.13.6rc3,sha256:d48ddcec4aa5145ef3d7c04fa0ec116d0a0c0f5b868d7cf7a086f218378daa66,manifest
2026-01-26_Build_&_Release_21361985947_success,buildx,harbor2.vantage6.ai/infrastructure/algorithm-store:4.13.6rc3,sha256:2e7d40ed3b81610af99a0af39124bd11653950c77fbe7fc86eac2e12ddfd8981,attestation
2026-01-26_Build_&_Release_21361985947_success,buildx,harbor2.vantage6.ai/infrastructure/algorithm-store:4.13.6rc3,sha256:78c664c404d692c4e331608e19b087dcfdfa578631bff7122c8d61e3fb2f6387,manifest_list
2026-01-26_Build_&_Release_21361985947_success,buildx,harbor2.vantage6.ai/infrastructure/ui:4.13.6rc3,sha256:e5d8d3416aa40c3097cbdbd0c7925453f41be2d7f129c60b5f9a268ffcdc7af4,manifest
2026-01-26_Build_&_Release_21361985947_success,buildx,harbor2.vantage6.ai/infrastructure/ui:4.13.6rc3,sha256:a1060d559dafc8eea5f570475c1f982a7a4b0390fa58ea6bf8eec3e13e1623cc,attestation
2026-01-26_Build_&_Release_21361985947_success,buildx,harbor2.vantage6.ai/infrastructure/ui:4.13.6rc3,sha256:d53d4d294902c38342f7430b1ee2836f660732b0cd529066122bb7db0f2461fc,manifest
2026-01-26_Build_&_Release_21361985947_success,buildx,harbor2.vantage6.ai/infrastructure/ui:4.13.6rc3,sha256:d04d4b0711a068194724df29503e8f5541440ffd220579265bee638aa5788b3c,attestation
2026-01-26_Build_&_Release_21361985947_success,buildx,harbor2.vantage6.ai/infrastructure/ui:4.13.6rc3,sha256:4e0a82bda101111043ad6a253c0c3a4c2406134d7391703872a44795d0860d69,manifest_list
2026-01-26_Build_&_Release_21361985947_success,buildx,harbor2.vantage6.ai/infrastructure/alpine:4.13.6rc3,sha256:f82e35f27e95176654f7664b73c5346ff61ebb57535199c1278777dc4ca1dd1c,manifest
2026-01-26_Build_&_Release_21361985947_success,buildx,harbor2.vantage6.ai/infrastructure/alpine:4.13.6rc3,sha256:11ef769b75aa57268cb0d4645d25b7fbfaa06a33e437c17a2c528c07efa6580b,attestation
2026-01-26_Build_&_Release_21361985947_success,buildx,harbor2.vantage6.ai/infrastructure/alpine:4.13.6rc3,sha256:df5ed61334c46fbe5972327e233c8307caa4652043940da3c9ba8c9a20b02dc9,manifest
2026-01-26_Build_&_Release_21361985947_success,buildx,harbor2.vantage6.ai/infrastructure/alpine:4.13.6rc3,sha256:4e5e883ccc0fdb58c2eb753254b33febcf5f60be8e87b79da7eebc084b875eec,attestation
2026-01-26_Build_&_Release_21361985947_success,buildx,harbor2.vantage6.ai/infrastructure/alpine:4.13.6rc3,sha256:2194c185d15fb420660e72e63a373bc0ddbbbf7c81f996b4b2cf448e5314134d,manifest_list
2026-01-26_Build_&_Release_21361985947_success,buildx,harbor2.vantage6.ai/infrastructure/vpn-client:4.13.6rc3,sha256:fe4e381598b6e85cd48b4951fff38ea9ad264ed6ad20debe5d01c0097c28e4a4,manifest
2026-01-26_Build_&_Release_21361985947_success,buildx,harbor2.vantage6.ai/infrastructure/vpn-client:4.13.6rc3,sha256:e1c1f9f99f3d7aa76d317052a2a83b2f7981cd73433206389292485c09c76b29,attestation
2026-01-26_Build_&_Release_21361985947_success,buildx,harbor2.vantage6.ai/infrastructure/vpn-client:4.13.6rc3,sha256:d8872c0e4c0d1aeb7d4ef71de4c23589998c7a3c0b33942f44afa82226da3ba0,manifest
2026-01-26_Build_&_Release_21361985947_success,buildx,harbor2.vantage6.ai/infrastructure/vpn-client:4.13.6rc3,sha256:31ce34b50c41ae42fdf5e8c1c8a6a6716b16a1c89b5af8f11f8118f9fac18ccf,attestation
2026-01-26_Build_&_Release_21361985947_success,buildx,harbor2.vantage6.ai/infrastructure/vpn-client:4.13.6rc3,sha256:0842cd4003700544c823c19155f9f899dcde9480f715f066651c4418e3e617d0,manifest_list
2026-01-26_Build_&_Release_21361985947_success,buildx,harbor2.vantage6.ai/infrastructure/vpn-configurator:4.13.6rc3,sha256:e0059319be2042ab562465b6dec42bec65a5a53645d7a5274c72dbb0eafbc81d,manifest
2026-01-26_Build_&_Release_21361985947_success,buildx,harbor2.vantage6.ai/infrastructure/vpn-configurator:4.13.6rc3,sha256:55672ef4e13715fd0d30fff299de9db460422abcb77ebd528ab5b3dd5a4268df,attestation
2026-01-26_Build_&_Release_21361985947_success,buildx,harbor2.vantage6.ai/infrastructure/vpn-configurator:4.13.6rc3,sha256:8296f2832c2b07576bfabc2b7f2f2418deba4d35d068d5e3085cb9e4f2977bc7,manifest
2026-01-26_Build_&_Release_21361985947_success,buildx,harbor2.vantage6.ai/infrastructure/vpn-configurator:4.13.6rc3,sha256:f59607ef444334d2825da7b13462b31245d49dac6c67de69e23c9870d64fd5f6,attestation
2026-01-26_Build_&_Release_21361985947_success,buildx,harbor2.vantage6.ai/infrastructure/vpn-configurator:4.13.6rc3,sha256:256a0d8af47efd978011f1cb9f71e5f814e093870f4583fab3ecd0c415042a53,manifest_list
2026-01-26_Build_&_Release_21361985947_success,buildx,harbor2.vantage6.ai/infrastructure/ssh-tunnel:4.13.6rc3,sha256:bf28f2d10e49ba1128589ce251b8a898313e69fed6e73dc3584a9f86647e7e3f,manifest
2026-01-26_Build_&_Release_21361985947_success,buildx,harbor2.vantage6.ai/infrastructure/ssh-tunnel:4.13.6rc3,sha256:468e3a1babdd6714b4ccb501611bcd94ad4f9ac1611a523d74469dedd83270b9,attestation
2026-01-26_Build_&_Release_21361985947_success,buildx,harbor2.vantage6.ai/infrastructure/ssh-tunnel:4.13.6rc3,sha256:acbb82cac546eed0073aff5a997ffcc2ec88d5023e0ea537f133148409ef37d7,manifest
2026-01-26_Build_&_Release_21361985947_success,buildx,harbor2.vantage6.ai/infrastructure/ssh-tunnel:4.13.6rc3,sha256:b3e49707982f02fed89c2afb4656018b55ee6603a45ad819544fd6e750c1cc4b,attestation
2026-01-26_Build_&_Release_21361985947_success,buildx,harbor2.vantage6.ai/infrastructure/ssh-tunnel:4.13.6rc3,sha256:f490f4e248c547d0caf2851c0ec54bc05889462a0cb8f83b99ed60607e947e6f,manifest_list
2026-01-26_Build_&_Release_21361985947_success,buildx,harbor2.vantage6.ai/infrastructure/squid:4.13.6rc3,sha256:57d04943fa6913b20d9f06079f9083de20fac488be3c59ef0b4a50f1b4c05a2e,manifest
2026-01-26_Build_&_Release_21361985947_success,buildx,harbor2.vantage6.ai/infrastructure/squid:4.13.6rc3,sha256:4aaccc8b71265ce7dd165c83abc31d39fd5a5fb0465980baaec2b1f2e6196dc6,attestation
2026-01-26_Build_&_Release_21361985947_success,buildx,harbor2.vantage6.ai/infrastructure/squid:4.13.6rc3,sha256:09d75dd368c881031de8d781ccab31b695410ff0f7280544d7716f0d5d048c02,manifest
2026-01-26_Build_&_Release_21361985947_success,buildx,harbor2.vantage6.ai/infrastructure/squid:4.13.6rc3,sha256:69a8e35a83e18ad205c0697540a47f3986cda9e6d0e452d0ecc406ccc0c704e4,attestation
2026-01-26_Build_&_Release_21361985947_success,buildx,harbor2.vantage6.ai/infrastructure/squid:4.13.6rc3,sha256:9989e985c6fd085a684dd9a73cb49bf28f46ad2038cb23529e35239949cc81a6,manifest_list
2026-01-26_Build_&_Release_21364153329_success,push,harbor2.vantage6.ai/infrastructure/node:4.13,sha256:e326e9516cd5951b0e77bfced2eea1c2696bf0b78aec2b0da2c2cbf6de27b8e0,manifest
2026-01-26_Build_&_Release_21364153329_success,push,harbor2.vantage6.ai/infrastructure/server:cotopaxi,sha256:e326e9516cd5951b0e77bfced2eea1c2696bf0b78aec2b0da2c2cbf6de27b8e0,manifest
2026-01-26_Build_&_Release_21364153329_success,push,harbor2.vantage6.ai/infrastructure/server:cotopaxi-live,sha256:e326e9516cd5951b0e77bfced2eea1c2696bf0b78aec2b0da2c2cbf6de27b8e0,manifest
2026-01-26_Build_&_Release_21364153329_success,push,harbor2.vantage6.ai/infrastructure/node:cotopaxi,sha256:e326e9516cd5951b0e77bfced2eea1c2696bf0b78aec2b0da2c2cbf6de27b8e0,manifest
2026-01-26_Build_&_Release_21364153329_success,push,harbor2.vantage6.ai/infrastructure/algorithm-store:cotopaxi,sha256:cad6c999bad2fcd5adadf2cc01f6823c3d0e9afcf28f17c9910d764f23b169ed,manifest
2026-01-26_Build_&_Release_21364153329_success,push,harbor2.vantage6.ai/infrastructure/ui:cotopaxi,sha256:7ec2fbb6b97879991fb5b6e3a36ca6668d4193fc829bfd004cb48447f4c0f126,manifest
2026-01-26_Build_&_Release_21364153329_success,push,harbor2.vantage6.ai/infrastructure/alpine:4.13,sha256:455850f18439d83b5b560eaec791e34124cfeb5ce37855c5e909e20076cb8692,manifest
2026-01-26_Build_&_Release_21364153329_success,push,harbor2.vantage6.ai/infrastructure/vpn-client:4.13,sha256:f4bc5c5cc63543577b463ab60abe3e7f33fbab649d4f93d2c6c422f3af536d09,manifest
2026-01-26_Build_&_Release_21364153329_success,push,harbor2.vantage6.ai/infrastructure/vpn-configurator:4.13,sha256:2fc14c433b8e8a9e8a9e2bb37b2f5b38233b4fd52738a0324cf2ec1a4b5f62ec,manifest
2026-01-26_Build_&_Release_21364153329_success,push,harbor2.vantage6.ai/infrastructure/ssh-tunnel:4.13,sha256:d9ce6aef994b5ae3dcf6a91681e4a4c1ae5472e0d242bd79264a82b76cbe765a,manifest
2026-01-26_Build_&_Release_21364153329_success,push,harbor2.vantage6.ai/infrastructure/squid:4.13,sha256:ea6061eb0616082e6cb7b814037e528010744a81aed8282fdeb2f96e76637770,manifest
2026-01-26_Build_&_Release_21364153329_success,buildx,harbor2.vantage6.ai/infrastructure/node:4.13.6,sha256:16f296ee2fe7ff2a905cc53fff7fe8b970551b2e5b86817af3a42468117a55fe,manifest
2026-01-26_Build_&_Release_21364153329_success,buildx,harbor2.vantage6.ai/infrastructure/node:4.13.6,sha256:ca7008c1bb6fd49a75bb455d08543ccfa6196fa38f20d006a9c88e657edb4910,attestation
2026-01-26_Build_&_Release_21364153329_success,buildx,harbor2.vantage6.ai/infrastructure/node:4.13.6,sha256:22bfd88ffba8f7b7ba02bfa8804b7e04583abc8150be286c71c702cbc05ad038,manifest
2026-01-26_Build_&_Release_21364153329_success,buildx,harbor2.vantage6.ai/infrastructure/node:4.13.6,sha256:2962e81b2fc05f9f3bcdcc2cdf791235a7004cfa85bd71c2abedc54c4d9835d7,attestation
2026-01-26_Build_&_Release_21364153329_success,buildx,harbor2.vantage6.ai/infrastructure/node:4.13.6,sha256:84f2d08825b5150fcf4619f38877704bc7664482a3884259a2e4efdd32aa11d8,manifest_list
2026-01-26_Build_&_Release_21364153329_success,buildx,harbor2.vantage6.ai/infrastructure/server:4.13.6,sha256:16f296ee2fe7ff2a905cc53fff7fe8b970551b2e5b86817af3a42468117a55fe,manifest
2026-01-26_Build_&_Release_21364153329_success,buildx,harbor2.vantage6.ai/infrastructure/server:4.13.6,sha256:ca7008c1bb6fd49a75bb455d08543ccfa6196fa38f20d006a9c88e657edb4910,attestation
2026-01-26_Build_&_Release_21364153329_success,buildx,harbor2.vantage6.ai/infrastructure/server:4.13.6,sha256:22bfd88ffba8f7b7ba02bfa8804b7e04583abc8150be286c71c702cbc05ad038,manifest
2026-01-26_Build_&_Release_21364153329_success,buildx,harbor2.vantage6.ai/infrastructure/server:4.13.6,sha256:2962e81b2fc05f9f3bcdcc2cdf791235a7004cfa85bd71c2abedc54c4d9835d7,attestation
2026-01-26_Build_&_Release_21364153329_success,buildx,harbor2.vantage6.ai/infrastructure/server:4.13.6,sha256:84f2d08825b5150fcf4619f38877704bc7664482a3884259a2e4efdd32aa11d8,manifest_list
2026-01-26_Build_&_Release_21364153329_success,buildx,harbor2.vantage6.ai/infrastructure/node:latest,sha256:16f296ee2fe7ff2a905cc53fff7fe8b970551b2e5b86817af3a42468117a55fe,manifest
2026-01-26_Build_&_Release_21364153329_success,buildx,harbor2.vantage6.ai/infrastructure/node:latest,sha256:ca7008c1bb6fd49a75bb455d08543ccfa6196fa38f20d006a9c88e657edb4910,attestation
2026-01-26_Build_&_Release_21364153329_success,buildx,harbor2.vantage6.ai/infrastructure/node:latest,sha256:22bfd88ffba8f7b7ba02bfa8804b7e04583abc8150be286c71c702cbc05ad038,manifest
2026-01-26_Build_&_Release_21364153329_success,buildx,harbor2.vantage6.ai/infrastructure/node:latest,sha256:2962e81b2fc05f9f3bcdcc2cdf791235a7004cfa85bd71c2abedc54c4d9835d7,attestation
2026-01-26_Build_&_Release_21364153329_success,buildx,harbor2.vantage6.ai/infrastructure/node:latest,sha256:84f2d08825b5150fcf4619f38877704bc7664482a3884259a2e4efdd32aa11d8,manifest_list
2026-01-26_Build_&_Release_21364153329_success,buildx,harbor2.vantage6.ai/infrastructure/server:latest,sha256:16f296ee2fe7ff2a905cc53fff7fe8b970551b2e5b86817af3a42468117a55fe,manifest
2026-01-26_Build_&_Release_21364153329_success,buildx,harbor2.vantage6.ai/infrastructure/server:latest,sha256:ca7008c1bb6fd49a75bb455d08543ccfa6196fa38f20d006a9c88e657edb4910,attestation
2026-01-26_Build_&_Release_21364153329_success,buildx,harbor2.vantage6.ai/infrastructure/server:latest,sha256:22bfd88ffba8f7b7ba02bfa8804b7e04583abc8150be286c71c702cbc05ad038,manifest
2026-01-26_Build_&_Release_21364153329_success,buildx,harbor2.vantage6.ai/infrastructure/server:latest,sha256:2962e81b2fc05f9f3bcdcc2cdf791235a7004cfa85bd71c2abedc54c4d9835d7,attestation
2026-01-26_Build_&_Release_21364153329_success,buildx,harbor2.vantage6.ai/infrastructure/server:latest,sha256:84f2d08825b5150fcf4619f38877704bc7664482a3884259a2e4efdd32aa11d8,manifest_list
2026-01-26_Build_&_Release_21364153329_success,buildx,harbor2.vantage6.ai/infrastructure/algorithm-store:4.13.6,sha256:a2acd81504168072e75089fd3d35808b6bd50e24f4c41903a6126e2ebac8c89d,manifest
2026-01-26_Build_&_Release_21364153329_success,buildx,harbor2.vantage6.ai/infrastructure/algorithm-store:4.13.6,sha256:90053a2094dc85baaa5119ff59b888fb267bd3b5ac3448879d22223cb7a346d7,attestation
2026-01-26_Build_&_Release_21364153329_success,buildx,harbor2.vantage6.ai/infrastructure/algorithm-store:4.13.6,sha256:981aa6d043124d7d66ebb8a6b92d47e7d5821ffaa7f5d7b76a88544e185e308b,manifest
2026-01-26_Build_&_Release_21364153329_success,buildx,harbor2.vantage6.ai/infrastructure/algorithm-store:4.13.6,sha256:2d468c1ebbd9c0826a9bd08bfd809df0211b7e5c15a7dbc2165b8360dea716ca,attestation
2026-01-26_Build_&_Release_21364153329_success,buildx,harbor2.vantage6.ai/infrastructure/algorithm-store:4.13.6,sha256:978c53de3c72e3a8ed6e9a5d57a394091894ccbb19044ce6f0e112892884e990,manifest_list
2026-01-26_Build_&_Release_21364153329_success,buildx,harbor2.vantage6.ai/infrastructure/algorithm-store:latest,sha256:a2acd81504168072e75089fd3d35808b6bd50e24f4c41903a6126e2ebac8c89d,manifest
2026-01-26_Build_&_Release_21364153329_success,buildx,harbor2.vantage6.ai/infrastructure/algorithm-store:latest,sha256:90053a2094dc85baaa5119ff59b888fb267bd3b5ac3448879d22223cb7a346d7,attestation
2026-01-26_Build_&_Release_21364153329_success,buildx,harbor2.vantage6.ai/infrastructure/algorithm-store:latest,sha256:981aa6d043124d7d66ebb8a6b92d47e7d5821ffaa7f5d7b76a88544e185e308b,manifest
2026-01-26_Build_&_Release_21364153329_success,buildx,harbor2.vantage6.ai/infrastructure/algorithm-store:latest,sha256:2d468c1ebbd9c0826a9bd08bfd809df0211b7e5c15a7dbc2165b8360dea716ca,attestation
2026-01-26_Build_&_Release_21364153329_success,buildx,harbor2.vantage6.ai/infrastructure/algorithm-store:latest,sha256:978c53de3c72e3a8ed6e9a5d57a394091894ccbb19044ce6f0e112892884e990,manifest_list
2026-01-26_Build_&_Release_21364153329_success,buildx,harbor2.vantage6.ai/infrastructure/ui:4.13.6,sha256:f3877d70c0c46ff9201869638b5ed97d4a077a134df7b679a7882c4119791061,manifest
2026-01-26_Build_&_Release_21364153329_success,buildx,harbor2.vantage6.ai/infrastructure/ui:4.13.6,sha256:5dfb6c2c3baeb79e45ed2f851dfe31acc8dfc1986318e8805572bc7459a1e62f,attestation
2026-01-26_Build_&_Release_21364153329_success,buildx,harbor2.vantage6.ai/infrastructure/ui:4.13.6,sha256:8d1801dede608ef22ea6ed5a69e72c6035069bbc8ca351104b4f4370da1422ad,manifest
2026-01-26_Build_&_Release_21364153329_success,buildx,harbor2.vantage6.ai/infrastructure/ui:4.13.6,sha256:e9abf0fcefdd4020ba59b215e7b57d1d8284100c400514727df35c8de1b8c42d,attestation
2026-01-26_Build_&_Release_21364153329_success,buildx,harbor2.vantage6.ai/infrastructure/ui:4.13.6,sha256:eb940d31aa5afcb7cb09235b7046fbbf2cf69bf79427b2c76a08416f06099cda,manifest_list
2026-01-26_Build_&_Release_21364153329_success,buildx,harbor2.vantage6.ai/infrastructure/ui:latest,sha256:f3877d70c0c46ff9201869638b5ed97d4a077a134df7b679a7882c4119791061,manifest
2026-01-26_Build_&_Release_21364153329_success,buildx,harbor2.vantage6.ai/infrastructure/ui:latest,sha256:5dfb6c2c3baeb79e45ed2f851dfe31acc8dfc1986318e8805572bc7459a1e62f,attestation
2026-01-26_Build_&_Release_21364153329_success,buildx,harbor2.vantage6.ai/infrastructure/ui:latest,sha256:8d1801dede608ef22ea6ed5a69e72c6035069bbc8ca351104b4f4370da1422ad,manifest
2026-01-26_Build_&_Release_21364153329_success,buildx,harbor2.vantage6.ai/infrastructure/ui:latest,sha256:e9abf0fcefdd4020ba59b215e7b57d1d8284100c400514727df35c8de1b8c42d,attestation
2026-01-26_Build_&_Release_21364153329_success,buildx,harbor2.vantage6.ai/infrastructure/ui:latest,sha256:eb940d31aa5afcb7cb09235b7046fbbf2cf69bf79427b2c76a08416f06099cda,manifest_list
2026-01-26_Build_&_Release_21364153329_success,buildx,harbor2.vantage6.ai/infrastructure/algorithm-base:4.13,sha256:f83f50e7462e9f9d5634dc316be4061e2253922c14862f9f0adbe50b300fa6b9,manifest
2026-01-26_Build_&_Release_21364153329_success,buildx,harbor2.vantage6.ai/infrastructure/algorithm-base:4.13,sha256:432cc35c1e67cc5c41bb718781e0b2b186ad8df026ceb78cebd2c6e7e7d8cc14,attestation
2026-01-26_Build_&_Release_21364153329_success,buildx,harbor2.vantage6.ai/infrastructure/algorithm-base:4.13,sha256:dfae397c640803b1a73e2396eda80f201389013acf1d239e410b94f212acc9c2,manifest
2026-01-26_Build_&_Release_21364153329_success,buildx,harbor2.vantage6.ai/infrastructure/algorithm-base:4.13,sha256:d9d1dabc2683e2e73ceacb05186067c8604ed88fdbaf4085f70033aa76a1eaf1,attestation
2026-01-26_Build_&_Release_21364153329_success,buildx,harbor2.vantage6.ai/infrastructure/algorithm-base:4.13,sha256:caf401f2e400e0bd6b5ae0fde838dc6d2d883e03fc3f6605cef33074100a7e96,manifest_list
2026-01-26_Build_&_Release_21364153329_success,buildx,harbor2.vantage6.ai/infrastructure/algorithm-base:latest,sha256:f83f50e7462e9f9d5634dc316be4061e2253922c14862f9f0adbe50b300fa6b9,manifest
2026-01-26_Build_&_Release_21364153329_success,buildx,harbor2.vantage6.ai/infrastructure/algorithm-base:latest,sha256:432cc35c1e67cc5c41bb718781e0b2b186ad8df026ceb78cebd2c6e7e7d8cc14,attestation
2026-01-26_Build_&_Release_21364153329_success,buildx,harbor2.vantage6.ai/infrastructure/algorithm-base:latest,sha256:dfae397c640803b1a73e2396eda80f201389013acf1d239e410b94f212acc9c2,manifest
2026-01-26_Build_&_Release_21364153329_success,buildx,harbor2.vantage6.ai/infrastructure/algorithm-base:latest,sha256:d9d1dabc2683e2e73ceacb05186067c8604ed88fdbaf4085f70033aa76a1eaf1,attestation
2026-01-26_Build_&_Release_21364153329_success,buildx,harbor2.vantage6.ai/infrastructure/algorithm-base:latest,sha256:caf401f2e400e0bd6b5ae0fde838dc6d2d883e03fc3f6605cef33074100a7e96,manifest_list
2026-01-26_Build_&_Release_21364153329_success,buildx,harbor2.vantage6.ai/infrastructure/algorithm-ohdsi-base:4.13,sha256:07917e04aa517028ce0810713d3ff04037c7a7463a7781b1a93dc0a5ff5a0e30,manifest
2026-01-26_Build_&_Release_21364153329_success,buildx,harbor2.vantage6.ai/infrastructure/algorithm-ohdsi-base:4.13,sha256:0bafc878ce81abdd2e0496f8d3a9013b83f3c62fba9f8dc728824f3f911428a2,attestation
2026-01-26_Build_&_Release_21364153329_success,buildx,harbor2.vantage6.ai/infrastructure/algorithm-ohdsi-base:4.13,sha256:4d6e0fd3261c6f1872de908740c6ff151d2d7c49ee8d4ae40a87ca38f2a23bf7,manifest_list
2026-01-26_Build_&_Release_21364153329_success,buildx,harbor2.vantage6.ai/infrastructure/algorithm-ohdsi-base:latest,sha256:07917e04aa517028ce0810713d3ff04037c7a7463a7781b1a93dc0a5ff5a0e30,manifest
2026-01-26_Build_&_Release_21364153329_success,buildx,harbor2.vantage6.ai/infrastructure/algorithm-ohdsi-base:latest,sha256:0bafc878ce81abdd2e0496f8d3a9013b83f3c62fba9f8dc728824f3f911428a2,attestation
2026-01-26_Build_&_Release_21364153329_success,buildx,harbor2.vantage6.ai/infrastructure/algorithm-ohdsi-base:latest,sha256:4d6e0fd3261c6f1872de908740c6ff151d2d7c49ee8d4ae40a87ca38f2a23bf7,manifest_list
2026-01-26_Build_&_Release_21364153329_success,buildx,harbor2.vantage6.ai/infrastructure/alpine:4.13.6,sha256:f82e35f27e95176654f7664b73c5346ff61ebb57535199c1278777dc4ca1dd1c,manifest
2026-01-26_Build_&_Release_21364153329_success,buildx,harbor2.vantage6.ai/infrastructure/alpine:4.13.6,sha256:f4a5324acec9f6d96ca8c686ec24d093142490d60081a8be898aa4c5abae5337,attestation
2026-01-26_Build_&_Release_21364153329_success,buildx,harbor2.vantage6.ai/infrastructure/alpine:4.13.6,sha256:df5ed61334c46fbe5972327e233c8307caa4652043940da3c9ba8c9a20b02dc9,manifest
2026-01-26_Build_&_Release_21364153329_success,buildx,harbor2.vantage6.ai/infrastructure/alpine:4.13.6,sha256:7646fb575de3e4464810518e221ae15e726e61e5ee82a707d70e05527617eca1,attestation
2026-01-26_Build_&_Release_21364153329_success,buildx,harbor2.vantage6.ai/infrastructure/alpine:4.13.6,sha256:24293a09d2cba668fd04fe2d5d7f9f13ecdacfecd5d5222ea0291602067aa54b,manifest_list
2026-01-26_Build_&_Release_21364153329_success,buildx,harbor2.vantage6.ai/infrastructure/alpine:latest,sha256:f82e35f27e95176654f7664b73c5346ff61ebb57535199c1278777dc4ca1dd1c,manifest
2026-01-26_Build_&_Release_21364153329_success,buildx,harbor2.vantage6.ai/infrastructure/alpine:latest,sha256:f4a5324acec9f6d96ca8c686ec24d093142490d60081a8be898aa4c5abae5337,attestation
2026-01-26_Build_&_Release_21364153329_success,buildx,harbor2.vantage6.ai/infrastructure/alpine:latest,sha256:df5ed61334c46fbe5972327e233c8307caa4652043940da3c9ba8c9a20b02dc9,manifest
2026-01-26_Build_&_Release_21364153329_success,buildx,harbor2.vantage6.ai/infrastructure/alpine:latest,sha256:7646fb575de3e4464810518e221ae15e726e61e5ee82a707d70e05527617eca1,attestation
2026-01-26_Build_&_Release_21364153329_success,buildx,harbor2.vantage6.ai/infrastructure/alpine:latest,sha256:24293a09d2cba668fd04fe2d5d7f9f13ecdacfecd5d5222ea0291602067aa54b,manifest_list
2026-01-26_Build_&_Release_21364153329_success,buildx,harbor2.vantage6.ai/infrastructure/vpn-client:4.13.6,sha256:f76105e391a0dccdaf0116c895bfdfd54dec86612329589310e2c6ed9004039b,manifest
2026-01-26_Build_&_Release_21364153329_success,buildx,harbor2.vantage6.ai/infrastructure/vpn-client:4.13.6,sha256:44c3935159ecf005849efd18e485d6a815ce04e31dcb5d355e2e4fc8e9412198,attestation
2026-01-26_Build_&_Release_21364153329_success,buildx,harbor2.vantage6.ai/infrastructure/vpn-client:4.13.6,sha256:30599b097c230f0abfa924bf53ca57add45aee3041c92b40b57a258eaed56e24,manifest
2026-01-26_Build_&_Release_21364153329_success,buildx,harbor2.vantage6.ai/infrastructure/vpn-client:4.13.6,sha256:ea1ad1ae945b6685844c8f9bf2a773dc8d056d1a8216ab2db6789745a72a8fa2,attestation
2026-01-26_Build_&_Release_21364153329_success,buildx,harbor2.vantage6.ai/infrastructure/vpn-client:4.13.6,sha256:bea35ffbf839592080ed4e6534ad819150ae44a1f898f32350e22bf1daae4ef6,manifest_list
2026-01-26_Build_&_Release_21364153329_success,buildx,harbor2.vantage6.ai/infrastructure/vpn-client:latest,sha256:f76105e391a0dccdaf0116c895bfdfd54dec86612329589310e2c6ed9004039b,manifest
2026-01-26_Build_&_Release_21364153329_success,buildx,harbor2.vantage6.ai/infrastructure/vpn-client:latest,sha256:44c3935159ecf005849efd18e485d6a815ce04e31dcb5d355e2e4fc8e9412198,attestation
2026-01-26_Build_&_Release_21364153329_success,buildx,harbor2.vantage6.ai/infrastructure/vpn-client:latest,sha256:30599b097c230f0abfa924bf53ca57add45aee3041c92b40b57a258eaed56e24,manifest
2026-01-26_Build_&_Release_21364153329_success,buildx,harbor2.vantage6.ai/infrastructure/vpn-client:latest,sha256:ea1ad1ae945b6685844c8f9bf2a773dc8d056d1a8216ab2db6789745a72a8fa2,attestation
2026-01-26_Build_&_Release_21364153329_success,buildx,harbor2.vantage6.ai/infrastructure/vpn-client:latest,sha256:bea35ffbf839592080ed4e6534ad819150ae44a1f898f32350e22bf1daae4ef6,manifest_list
2026-01-26_Build_&_Release_21364153329_success,buildx,harbor2.vantage6.ai/infrastructure/vpn-configurator:4.13.6,sha256:d880bac5e290b25abe3d82f4306495303ac138b32cdde72cd6d1ca852c712137,manifest
2026-01-26_Build_&_Release_21364153329_success,buildx,harbor2.vantage6.ai/infrastructure/vpn-configurator:4.13.6,sha256:61b38fa4f2a5ab5439f67cf87dc5e781da6d1b8b3d7d16f38e855f8eb564de99,attestation
2026-01-26_Build_&_Release_21364153329_success,buildx,harbor2.vantage6.ai/infrastructure/vpn-configurator:4.13.6,sha256:a53ed4db9c8a110d9e3ae78cc8599b271bb2e297297e917e52ba65f4f1872f02,manifest
2026-01-26_Build_&_Release_21364153329_success,buildx,harbor2.vantage6.ai/infrastructure/vpn-configurator:4.13.6,sha256:c6b5bfd89588434bea2062f0df4d8d62b3c6cc8dbef89ee0876f5801466c90f9,attestation
2026-01-26_Build_&_Release_21364153329_success,buildx,harbor2.vantage6.ai/infrastructure/vpn-configurator:4.13.6,sha256:49319a930e20f737907473144ca684ec557c6ba0f3f6e1704d8bb7c4bce9316b,manifest_list
2026-01-26_Build_&_Release_21364153329_success,buildx,harbor2.vantage6.ai/infrastructure/vpn-configurator:latest,sha256:d880bac5e290b25abe3d82f4306495303ac138b32cdde72cd6d1ca852c712137,manifest
2026-01-26_Build_&_Release_21364153329_success,buildx,harbor2.vantage6.ai/infrastructure/vpn-configurator:latest,sha256:61b38fa4f2a5ab5439f67cf87dc5e781da6d1b8b3d7d16f38e855f8eb564de99,attestation
2026-01-26_Build_&_Release_21364153329_success,buildx,harbor2.vantage6.ai/infrastructure/vpn-configurator:latest,sha256:a53ed4db9c8a110d9e3ae78cc8599b271bb2e297297e917e52ba65f4f1872f02,manifest
2026-01-26_Build_&_Release_21364153329_success,buildx,harbor2.vantage6.ai/infrastructure/vpn-configurator:latest,sha256:c6b5bfd89588434bea2062f0df4d8d62b3c6cc8dbef89ee0876f5801466c90f9,attestation
2026-01-26_Build_&_Release_21364153329_success,buildx,harbor2.vantage6.ai/infrastructure/vpn-configurator:latest,sha256:49319a930e20f737907473144ca684ec557c6ba0f3f6e1704d8bb7c4bce9316b,manifest_list
2026-01-26_Build_&_Release_21364153329_success,buildx,harbor2.vantage6.ai/infrastructure/ssh-tunnel:4.13.6,sha256:3cc97a880dcbfed1fa9c86cd32d45682d722e919c25edf918e127be36b8d90f3,manifest
2026-01-26_Build_&_Release_21364153329_success,buildx,harbor2.vantage6.ai/infrastructure/ssh-tunnel:4.13.6,sha256:7d1a3637b7506c8b29525d6b3ab599568e27bc07d61281b7626e35021e131082,attestation
2026-01-26_Build_&_Release_21364153329_success,buildx,harbor2.vantage6.ai/infrastructure/ssh-tunnel:4.13.6,sha256:0899e57a3a73bbcee686081798517e6fb33587bed0fc71b862c2660e9d4e0722,manifest
2026-01-26_Build_&_Release_21364153329_success,buildx,harbor2.vantage6.ai/infrastructure/ssh-tunnel:4.13.6,sha256:fc01dde53269f91714266a4591f783b2d5a697d1979861c8c70cdf1f427dd8d9,attestation
2026-01-26_Build_&_Release_21364153329_success,buildx,harbor2.vantage6.ai/infrastructure/ssh-tunnel:4.13.6,sha256:27d038ba0784ee8d061234b8aca771b23370f0b45cb4ca1453c68f7718766b3e,manifest_list
2026-01-26_Build_&_Release_21364153329_success,buildx,harbor2.vantage6.ai/infrastructure/ssh-tunnel:latest,sha256:3cc97a880dcbfed1fa9c86cd32d45682d722e919c25edf918e127be36b8d90f3,manifest
2026-01-26_Build_&_Release_21364153329_success,buildx,harbor2.vantage6.ai/infrastructure/ssh-tunnel:latest,sha256:7d1a3637b7506c8b29525d6b3ab599568e27bc07d61281b7626e35021e131082,attestation
2026-01-26_Build_&_Release_21364153329_success,buildx,harbor2.vantage6.ai/infrastructure/ssh-tunnel:latest,sha256:0899e57a3a73bbcee686081798517e6fb33587bed0fc71b862c2660e9d4e0722,manifest
2026-01-26_Build_&_Release_21364153329_success,buildx,harbor2.vantage6.ai/infrastructure/ssh-tunnel:latest,sha256:fc01dde53269f91714266a4591f783b2d5a697d1979861c8c70cdf1f427dd8d9,attestation
2026-01-26_Build_&_Release_21364153329_success,buildx,harbor2.vantage6.ai/infrastructure/ssh-tunnel:latest,sha256:27d038ba0784ee8d061234b8aca771b23370f0b45cb4ca1453c68f7718766b3e,manifest_list
2026-01-26_Build_&_Release_21364153329_success,buildx,harbor2.vantage6.ai/infrastructure/squid:4.13.6,sha256:d69abe1fcee7c99409745b81a703b24c89f29a49f0b93ffbe8a1a71dcf3582ed,manifest
2026-01-26_Build_&_Release_21364153329_success,buildx,harbor2.vantage6.ai/infrastructure/squid:4.13.6,sha256:4be90801445cb4b119047d713e8e2aedf8dbe990a1c764c793ec80952772e710,attestation
2026-01-26_Build_&_Release_21364153329_success,buildx,harbor2.vantage6.ai/infrastructure/squid:4.13.6,sha256:8980cf2ba2c561beb155ef722c80b833c9ad0d179d5faf879621676ad77b7908,manifest
2026-01-26_Build_&_Release_21364153329_success,buildx,harbor2.vantage6.ai/infrastructure/squid:4.13.6,sha256:c6e3dddbd4988c657d0e60404641a3569871e02c3b742a4f4b641f6dee9af938,attestation
2026-01-26_Build_&_Release_21364153329_success,buildx,harbor2.vantage6.ai/infrastructure/squid:4.13.6,sha256:9ce06df8277f33839c25a782b8ed23dd955be61d95d0fccece4b5edc44970d08,manifest_list
2026-01-26_Build_&_Release_21364153329_success,buildx,harbor2.vantage6.ai/infrastructure/squid:latest,sha256:d69abe1fcee7c99409745b81a703b24c89f29a49f0b93ffbe8a1a71dcf3582ed,manifest
2026-01-26_Build_&_Release_21364153329_success,buildx,harbor2.vantage6.ai/infrastructure/squid:latest,sha256:4be90801445cb4b119047d713e8e2aedf8dbe990a1c764c793ec80952772e710,attestation
2026-01-26_Build_&_Release_21364153329_success,buildx,harbor2.vantage6.ai/infrastructure/squid:latest,sha256:8980cf2ba2c561beb155ef722c80b833c9ad0d179d5faf879621676ad77b7908,manifest
2026-01-26_Build_&_Release_21364153329_success,buildx,harbor2.vantage6.ai/infrastructure/squid:latest,sha256:c6e3dddbd4988c657d0e60404641a3569871e02c3b742a4f4b641f6dee9af938,attestation
2026-01-26_Build_&_Release_21364153329_success,buildx,harbor2.vantage6.ai/infrastructure/squid:latest,sha256:9ce06df8277f33839c25a782b8ed23dd955be61d95d0fccece4b5edc44970d08,manifest_list
2026-02-16_Build_&_Release_22068380987_success,buildx,harbor2.vantage6.ai/infrastructure/node:4.13.7rc1,sha256:f23eaa183476966b0651a832babe8563ec773dc9b1a9981cbace8a148c208498,manifest
2026-02-16_Build_&_Release_22068380987_success,buildx,harbor2.vantage6.ai/infrastructure/node:4.13.7rc1,sha256:516c1e74ea0eb516ffaf60e2fbb0637723c5b2bdf38f8563a546300bcaeea4b6,attestation
2026-02-16_Build_&_Release_22068380987_success,buildx,harbor2.vantage6.ai/infrastructure/node:4.13.7rc1,sha256:3ed11a38a6c89588b66320d809773bd3c658624a230ce0c0b537c80fbb139b76,manifest
2026-02-16_Build_&_Release_22068380987_success,buildx,harbor2.vantage6.ai/infrastructure/node:4.13.7rc1,sha256:a455c5bf96da5d099a10674f94cf962b1f0a430f7a62c5abeae2c018f14ffbba,attestation
2026-02-16_Build_&_Release_22068380987_success,buildx,harbor2.vantage6.ai/infrastructure/node:4.13.7rc1,sha256:4b8186852f0d971c93d7309c5988f9f8f5543a2de9a9f0f514be3952e173ee6c,manifest_list
2026-02-16_Build_&_Release_22068380987_success,buildx,harbor2.vantage6.ai/infrastructure/server:4.13.7rc1,sha256:f23eaa183476966b0651a832babe8563ec773dc9b1a9981cbace8a148c208498,manifest
2026-02-16_Build_&_Release_22068380987_success,buildx,harbor2.vantage6.ai/infrastructure/server:4.13.7rc1,sha256:516c1e74ea0eb516ffaf60e2fbb0637723c5b2bdf38f8563a546300bcaeea4b6,attestation
2026-02-16_Build_&_Release_22068380987_success,buildx,harbor2.vantage6.ai/infrastructure/server:4.13.7rc1,sha256:3ed11a38a6c89588b66320d809773bd3c658624a230ce0c0b537c80fbb139b76,manifest
2026-02-16_Build_&_Release_22068380987_success,buildx,harbor2.vantage6.ai/infrastructure/server:4.13.7rc1,sha256:a455c5bf96da5d099a10674f94cf962b1f0a430f7a62c5abeae2c018f14ffbba,attestation
2026-02-16_Build_&_Release_22068380987_success,buildx,harbor2.vantage6.ai/infrastructure/server:4.13.7rc1,sha256:4b8186852f0d971c93d7309c5988f9f8f5543a2de9a9f0f514be3952e173ee6c,manifest_list
2026-02-16_Build_&_Release_22068380987_success,buildx,harbor2.vantage6.ai/infrastructure/algorithm-store:4.13.7rc1,sha256:aef156f70ca7fd5658079b5b3ab38306ea783a638f13b49e11f1a70d1ac0c084,manifest
2026-02-16_Build_&_Release_22068380987_success,buildx,harbor2.vantage6.ai/infrastructure/algorithm-store:4.13.7rc1,sha256:aaf3799fbbfd8b6140be10c5c5e1408905c6443047b10e05a5ad3d5f73b289a0,attestation
2026-02-16_Build_&_Release_22068380987_success,buildx,harbor2.vantage6.ai/infrastructure/algorithm-store:4.13.7rc1,sha256:d3b854b8b977f858f7e9ece7b2126483b0300364ba95fd4f450f7f99af336910,manifest
2026-02-16_Build_&_Release_22068380987_success,buildx,harbor2.vantage6.ai/infrastructure/algorithm-store:4.13.7rc1,sha256:2242b4855c988ba28539b19d4cd3a80eb40136b048de23a31e912f2dc59676b4,attestation
2026-02-16_Build_&_Release_22068380987_success,buildx,harbor2.vantage6.ai/infrastructure/algorithm-store:4.13.7rc1,sha256:46346fe0129c842148324b128f8d8164ad53e8f98c0897fc47d3e96ded1d2c2e,manifest_list
2026-02-16_Build_&_Release_22068380987_success,buildx,harbor2.vantage6.ai/infrastructure/ui:4.13.7rc1,sha256:f5dc5b359f07fad41812fce36e3f7a8c60fd31e73d77edd271f5b58134535d2f,manifest
2026-02-16_Build_&_Release_22068380987_success,buildx,harbor2.vantage6.ai/infrastructure/ui:4.13.7rc1,sha256:f4f3907690fa614ced8320f4a36914124fdcee5772ec263678012f22c1d39d21,attestation
2026-02-16_Build_&_Release_22068380987_success,buildx,harbor2.vantage6.ai/infrastructure/ui:4.13.7rc1,sha256:b5de3294a536902d7b1567c662974fd4a186559f5d4c00d57322f4b21d2bf74c,manifest
2026-02-16_Build_&_Release_22068380987_success,buildx,harbor2.vantage6.ai/infrastructure/ui:4.13.7rc1,sha256:c8347d4165499ea3193d9278606548720c053c63af0cc0c23204617bf58d0603,attestation
2026-02-16_Build_&_Release_22068380987_success,buildx,harbor2.vantage6.ai/infrastructure/ui:4.13.7rc1,sha256:c179f22c05e79520b5d4e15d169a5a62fdac5a19df653ab0673841f4d2fe767a,manifest_list
2026-02-16_Build_&_Release_22068380987_success,buildx,harbor2.vantage6.ai/infrastructure/alpine:4.13.7rc1,sha256:f7bbc56c0c4edeb412a7037666c3eaea38f7712c95adbceb2e972e282464d757,manifest
2026-02-16_Build_&_Release_22068380987_success,buildx,harbor2.vantage6.ai/infrastructure/alpine:4.13.7rc1,sha256:dbef39cd44b22cd02442596fcf24c3fb7ec18fbd9b6eb38e12ccc88febaff8ca,attestation
2026-02-16_Build_&_Release_22068380987_success,buildx,harbor2.vantage6.ai/infrastructure/alpine:4.13.7rc1,sha256:1494307a8b363179c461972661a879d1f7ee1b375222c04473a0a8bbd201e907,manifest
2026-02-16_Build_&_Release_22068380987_success,buildx,harbor2.vantage6.ai/infrastructure/alpine:4.13.7rc1,sha256:41eb1cea74fd3fe4ece58fb59dc96b90892c95140c4242a2f731910e3cd3b364,attestation
2026-02-16_Build_&_Release_22068380987_success,buildx,harbor2.vantage6.ai/infrastructure/alpine:4.13.7rc1,sha256:186c7692c0ea241186ca6d14c9f5f8e87be4312e272187f6ddb53758e1684856,manifest_list
2026-02-16_Build_&_Release_22068380987_success,buildx,harbor2.vantage6.ai/infrastructure/vpn-client:4.13.7rc1,sha256:6829dbc42d14c36a8d05072db109b78d14dfebd5e722f567b07af3673defb768,manifest
2026-02-16_Build_&_Release_22068380987_success,buildx,harbor2.vantage6.ai/infrastructure/vpn-client:4.13.7rc1,sha256:5b6d246ef35ea41ba0e007f327208e86d71725fafd3bd27b3aae58c4260a2158,attestation
2026-02-16_Build_&_Release_22068380987_success,buildx,harbor2.vantage6.ai/infrastructure/vpn-client:4.13.7rc1,sha256:80e3f5c7095cc85598f5f3d1c8465f4da75c4847a5c1f2b4dfeb452e738d6bc1,manifest
2026-02-16_Build_&_Release_22068380987_success,buildx,harbor2.vantage6.ai/infrastructure/vpn-client:4.13.7rc1,sha256:7ad583971f6a79d1c9029f0a6be607806733280ec8434d4349a31675c0ba2fdd,attestation
2026-02-16_Build_&_Release_22068380987_success,buildx,harbor2.vantage6.ai/infrastructure/vpn-client:4.13.7rc1,sha256:a07558a6735b4fd1e7794f400132c5c77f3586e2c1c5973172d6b956b48d6a75,manifest_list
2026-02-16_Build_&_Release_22068380987_success,buildx,harbor2.vantage6.ai/infrastructure/vpn-configurator:4.13.7rc1,sha256:588cbb6f1b7d101136265273d6ad59ebc17d35906afc139c0d6694955488a301,manifest
2026-02-16_Build_&_Release_22068380987_success,buildx,harbor2.vantage6.ai/infrastructure/vpn-configurator:4.13.7rc1,sha256:5b3c3a4f80db66fd7e7161eeaa2033f3fd197518f1f8a6064d0d489bcfe16e93,attestation
2026-02-16_Build_&_Release_22068380987_success,buildx,harbor2.vantage6.ai/infrastructure/vpn-configurator:4.13.7rc1,sha256:de9a609bc2496179a97a60d23b90dd54a67114b2e974ab7cf77b493e0174e110,manifest
2026-02-16_Build_&_Release_22068380987_success,buildx,harbor2.vantage6.ai/infrastructure/vpn-configurator:4.13.7rc1,sha256:2100214fdb099d7072c1215ec4bd153dfd3ec7abd441f90d85eab132d2930c3b,attestation
2026-02-16_Build_&_Release_22068380987_success,buildx,harbor2.vantage6.ai/infrastructure/vpn-configurator:4.13.7rc1,sha256:8fe969b67ccf8dae380fd7267d591fe9355fbe6686bd595f42c03cedb3a246c0,manifest_list
2026-02-16_Build_&_Release_22068380987_success,buildx,harbor2.vantage6.ai/infrastructure/ssh-tunnel:4.13.7rc1,sha256:1c9adecc0b235af8cd7682078a7b396da8605ffa782f8cccecc52e6b0e3724e0,manifest
2026-02-16_Build_&_Release_22068380987_success,buildx,harbor2.vantage6.ai/infrastructure/ssh-tunnel:4.13.7rc1,sha256:afe8a3c13546fe965a807885e901d2cb8b687872d2e00765961eebea4c08845f,attestation
2026-02-16_Build_&_Release_22068380987_success,buildx,harbor2.vantage6.ai/infrastructure/ssh-tunnel:4.13.7rc1,sha256:f7ccb52f979175b51b77d1e90688999064c7a94458edcfd910026cbd1ff1bf40,manifest
2026-02-16_Build_&_Release_22068380987_success,buildx,harbor2.vantage6.ai/infrastructure/ssh-tunnel:4.13.7rc1,sha256:f99b8c3adc0ac57fd233b9c2226586a73568db2ed8b1e8066970b12ced9847b5,attestation
2026-02-16_Build_&_Release_22068380987_success,buildx,harbor2.vantage6.ai/infrastructure/ssh-tunnel:4.13.7rc1,sha256:62a22842ea793254eeed34e098002782716c5e90c49b9163a512324ff62f4976,manifest_list
2026-02-16_Build_&_Release_22068380987_success,buildx,harbor2.vantage6.ai/infrastructure/squid:4.13.7rc1,sha256:d03824f5f9183167ffd444188f6acd1e503a5ada1a52e27497622fab0fbf1a9a,manifest
2026-02-16_Build_&_Release_22068380987_success,buildx,harbor2.vantage6.ai/infrastructure/squid:4.13.7rc1,sha256:f53a0a0b4c88a7a664ec343ff8ca9a30761d60ca5efadfd400478a97056830b4,attestation
2026-02-16_Build_&_Release_22068380987_success,buildx,harbor2.vantage6.ai/infrastructure/squid:4.13.7rc1,sha256:ed4bf08263fae81d2a7c202345c3f22f0ba27cc8d947b8b240ee9aeccb38ac1c,manifest
2026-02-16_Build_&_Release_22068380987_success,buildx,harbor2.vantage6.ai/infrastructure/squid:4.13.7rc1,sha256:cc62f2a6db5d1a441fbd5b47fbcd86d06d52bffdc7714ec03f8ddf7a2f37e67f,attestation
2026-02-16_Build_&_Release_22068380987_success,buildx,harbor2.vantage6.ai/infrastructure/squid:4.13.7rc1,sha256:415dd75ab2e05c5aa4facf880f8d5cdd465946cca053d5a8347f474a0f3bec1e,manifest_list
2026-02-16_Build_&_Release_22070809529_success,push,harbor2.vantage6.ai/infrastructure/node:4.13,sha256:8a83e94e184ac918b7baac868b9f735c926c870b16ebbbe51c6caa6e1a6a6429,manifest
2026-02-16_Build_&_Release_22070809529_success,push,harbor2.vantage6.ai/infrastructure/server:cotopaxi,sha256:8a83e94e184ac918b7baac868b9f735c926c870b16ebbbe51c6caa6e1a6a6429,manifest
2026-02-16_Build_&_Release_22070809529_success,push,harbor2.vantage6.ai/infrastructure/server:cotopaxi-live,sha256:8a83e94e184ac918b7baac868b9f735c926c870b16ebbbe51c6caa6e1a6a6429,manifest
2026-02-16_Build_&_Release_22070809529_success,push,harbor2.vantage6.ai/infrastructure/node:cotopaxi,sha256:8a83e94e184ac918b7baac868b9f735c926c870b16ebbbe51c6caa6e1a6a6429,manifest
2026-02-16_Build_&_Release_22070809529_success,push,harbor2.vantage6.ai/infrastructure/algorithm-store:cotopaxi,sha256:c3c312a57fb23b53afa477e8ed96f48214d0663f2d8798080dba984695d4962f,manifest
2026-02-16_Build_&_Release_22070809529_success,push,harbor2.vantage6.ai/infrastructure/ui:cotopaxi,sha256:6e2c3dda908a716485515af8466ee503bebef503f9f5e6409ac6e4c98afc0132,manifest
2026-02-16_Build_&_Release_22070809529_success,push,harbor2.vantage6.ai/infrastructure/alpine:4.13,sha256:1494307a8b363179c461972661a879d1f7ee1b375222c04473a0a8bbd201e907,manifest
2026-02-16_Build_&_Release_22070809529_success,push,harbor2.vantage6.ai/infrastructure/vpn-client:4.13,sha256:6df13b2731b98b7f1e0d0c02aa98c46ceece88be016b850ae9ae435d56ee07fb,manifest
2026-02-16_Build_&_Release_22070809529_success,push,harbor2.vantage6.ai/infrastructure/vpn-configurator:4.13,sha256:9aeef696024b5e10dac92b8622bd50e7e89a12efa04d27c1cc79d7dfdfd1f046,manifest
2026-02-16_Build_&_Release_22070809529_success,push,harbor2.vantage6.ai/infrastructure/ssh-tunnel:4.13,sha256:62818f55060339c599ad56a0eddc59271976240a86fce611dd6b3979a5530c5d,manifest
2026-02-16_Build_&_Release_22070809529_success,push,harbor2.vantage6.ai/infrastructure/squid:4.13,sha256:7fcdcd1d131cf4ba7831a240a9ee189120d769b3bc447dcb8bb28ac68820e631,manifest
2026-02-16_Build_&_Release_22070809529_success,buildx,harbor2.vantage6.ai/infrastructure/alpine:4.13.7,sha256:f7bbc56c0c4edeb412a7037666c3eaea38f7712c95adbceb2e972e282464d757,manifest
2026-02-16_Build_&_Release_22070809529_success,buildx,harbor2.vantage6.ai/infrastructure/alpine:4.13.7,sha256:de60b7c1411eec57869ee1687f288d2f177d0d118318f6267e15270071731d3a,attestation
2026-02-16_Build_&_Release_22070809529_success,buildx,harbor2.vantage6.ai/infrastructure/alpine:4.13.7,sha256:1494307a8b363179c461972661a879d1f7ee1b375222c04473a0a8bbd201e907,manifest
2026-02-16_Build_&_Release_22070809529_success,buildx,harbor2.vantage6.ai/infrastructure/alpine:4.13.7,sha256:d0e048728c66bd36e6102720c860edda02b0d12b74c68f6d37e4d579c4619611,attestation
2026-02-16_Build_&_Release_22070809529_success,buildx,harbor2.vantage6.ai/infrastructure/alpine:4.13.7,sha256:20f21e23c7421db5e953abfe42b0698571bb2b341eee200454291bd0207091b2,manifest_list
2026-02-16_Build_&_Release_22070809529_success,buildx,harbor2.vantage6.ai/infrastructure/alpine:latest,sha256:f7bbc56c0c4edeb412a7037666c3eaea38f7712c95adbceb2e972e282464d757,manifest
2026-02-16_Build_&_Release_22070809529_success,buildx,harbor2.vantage6.ai/infrastructure/alpine:latest,sha256:de60b7c1411eec57869ee1687f288d2f177d0d118318f6267e15270071731d3a,attestation
2026-02-16_Build_&_Release_22070809529_success,buildx,harbor2.vantage6.ai/infrastructure/alpine:latest,sha256:1494307a8b363179c461972661a879d1f7ee1b375222c04473a0a8bbd201e907,manifest
2026-02-16_Build_&_Release_22070809529_success,buildx,harbor2.vantage6.ai/infrastructure/alpine:latest,sha256:d0e048728c66bd36e6102720c860edda02b0d12b74c68f6d37e4d579c4619611,attestation
2026-02-16_Build_&_Release_22070809529_success,buildx,harbor2.vantage6.ai/infrastructure/alpine:latest,sha256:20f21e23c7421db5e953abfe42b0698571bb2b341eee200454291bd0207091b2,manifest_list
2026-02-16_Build_&_Release_22070809529_success,buildx,harbor2.vantage6.ai/infrastructure/vpn-client:4.13.7,sha256:4cfbee5e686841a50e1cd58bc38bbeae9cbad1930c95faba4b997e7235914b13,manifest
2026-02-16_Build_&_Release_22070809529_success,buildx,harbor2.vantage6.ai/infrastructure/vpn-client:4.13.7,sha256:cbb0048ce2525be7e097121c6278d3d4d0a1df335c08a789a4af1924278b0c50,attestation
2026-02-16_Build_&_Release_22070809529_success,buildx,harbor2.vantage6.ai/infrastructure/vpn-client:4.13.7,sha256:6df13b2731b98b7f1e0d0c02aa98c46ceece88be016b850ae9ae435d56ee07fb,manifest
2026-02-16_Build_&_Release_22070809529_success,buildx,harbor2.vantage6.ai/infrastructure/vpn-client:4.13.7,sha256:1d8c708a7023b58a65c105047b56f47cd3d09128ee0b499d53e3485e67d06c73,attestation
2026-02-16_Build_&_Release_22070809529_success,buildx,harbor2.vantage6.ai/infrastructure/vpn-client:4.13.7,sha256:1e16d8225349130f89fa0676fe42d39a2272cde38dd2397531d822a37da643c1,manifest_list
2026-02-16_Build_&_Release_22070809529_success,buildx,harbor2.vantage6.ai/infrastructure/vpn-client:latest,sha256:4cfbee5e686841a50e1cd58bc38bbeae9cbad1930c95faba4b997e7235914b13,manifest
2026-02-16_Build_&_Release_22070809529_success,buildx,harbor2.vantage6.ai/infrastructure/vpn-client:latest,sha256:cbb0048ce2525be7e097121c6278d3d4d0a1df335c08a789a4af1924278b0c50,attestation
2026-02-16_Build_&_Release_22070809529_success,buildx,harbor2.vantage6.ai/infrastructure/vpn-client:latest,sha256:6df13b2731b98b7f1e0d0c02aa98c46ceece88be016b850ae9ae435d56ee07fb,manifest
2026-02-16_Build_&_Release_22070809529_success,buildx,harbor2.vantage6.ai/infrastructure/vpn-client:latest,sha256:1d8c708a7023b58a65c105047b56f47cd3d09128ee0b499d53e3485e67d06c73,attestation
2026-02-16_Build_&_Release_22070809529_success,buildx,harbor2.vantage6.ai/infrastructure/vpn-client:latest,sha256:1e16d8225349130f89fa0676fe42d39a2272cde38dd2397531d822a37da643c1,manifest_list
2026-02-16_Build_&_Release_22070809529_success,buildx,harbor2.vantage6.ai/infrastructure/vpn-configurator:4.13.7,sha256:2ab55f9e36c6aab42d83c779228f0426390e14b3075884644ac4a46174d1cdf0,manifest
2026-02-16_Build_&_Release_22070809529_success,buildx,harbor2.vantage6.ai/infrastructure/vpn-configurator:4.13.7,sha256:ba7ee64de43465e380d235b228db5b824d870dc70934ed16d629ba3b8a452cc7,attestation
2026-02-16_Build_&_Release_22070809529_success,buildx,harbor2.vantage6.ai/infrastructure/vpn-configurator:4.13.7,sha256:9aeef696024b5e10dac92b8622bd50e7e89a12efa04d27c1cc79d7dfdfd1f046,manifest
2026-02-16_Build_&_Release_22070809529_success,buildx,harbor2.vantage6.ai/infrastructure/vpn-configurator:4.13.7,sha256:a1321bb24c973f432fe192a26b28e903dadd99e5d9577a823fe85aa0b3d4bb65,attestation
2026-02-16_Build_&_Release_22070809529_success,buildx,harbor2.vantage6.ai/infrastructure/vpn-configurator:4.13.7,sha256:4477905ec2f3d2a90337efef8ae5cb2004e9658db2654e0ae3e4d9f920269fec,manifest_list
2026-02-16_Build_&_Release_22070809529_success,buildx,harbor2.vantage6.ai/infrastructure/vpn-configurator:latest,sha256:2ab55f9e36c6aab42d83c779228f0426390e14b3075884644ac4a46174d1cdf0,manifest
2026-02-16_Build_&_Release_22070809529_success,buildx,harbor2.vantage6.ai/infrastructure/vpn-configurator:latest,sha256:ba7ee64de43465e380d235b228db5b824d870dc70934ed16d629ba3b8a452cc7,attestation
2026-02-16_Build_&_Release_22070809529_success,buildx,harbor2.vantage6.ai/infrastructure/vpn-configurator:latest,sha256:9aeef696024b5e10dac92b8622bd50e7e89a12efa04d27c1cc79d7dfdfd1f046,manifest
2026-02-16_Build_&_Release_22070809529_success,buildx,harbor2.vantage6.ai/infrastructure/vpn-configurator:latest,sha256:a1321bb24c973f432fe192a26b28e903dadd99e5d9577a823fe85aa0b3d4bb65,attestation
2026-02-16_Build_&_Release_22070809529_success,buildx,harbor2.vantage6.ai/infrastructure/vpn-configurator:latest,sha256:4477905ec2f3d2a90337efef8ae5cb2004e9658db2654e0ae3e4d9f920269fec,manifest_list
2026-02-16_Build_&_Release_22070809529_success,buildx,harbor2.vantage6.ai/infrastructure/ssh-tunnel:4.13.7,sha256:650c7decd61fea0d332f534020e319a81117e3b4406523e164689dec621bbf34,manifest
2026-02-16_Build_&_Release_22070809529_success,buildx,harbor2.vantage6.ai/infrastructure/ssh-tunnel:4.13.7,sha256:c29b36629620cf81b35f25201d539c408e16ea9adc3cc386e83aea116306682c,attestation
2026-02-16_Build_&_Release_22070809529_success,buildx,harbor2.vantage6.ai/infrastructure/ssh-tunnel:4.13.7,sha256:62818f55060339c599ad56a0eddc59271976240a86fce611dd6b3979a5530c5d,manifest
2026-02-16_Build_&_Release_22070809529_success,buildx,harbor2.vantage6.ai/infrastructure/ssh-tunnel:4.13.7,sha256:48d13191916cbfc43c639e4628ecc8ba2918e7893b26371eea718bca4b73f96e,attestation
2026-02-16_Build_&_Release_22070809529_success,buildx,harbor2.vantage6.ai/infrastructure/ssh-tunnel:4.13.7,sha256:83f7895ee952c71e1fa00ffd92aedf9671aeb189924ab51b50d6b051568b2e0f,manifest_list
2026-02-16_Build_&_Release_22070809529_success,buildx,harbor2.vantage6.ai/infrastructure/ssh-tunnel:latest,sha256:650c7decd61fea0d332f534020e319a81117e3b4406523e164689dec621bbf34,manifest
2026-02-16_Build_&_Release_22070809529_success,buildx,harbor2.vantage6.ai/infrastructure/ssh-tunnel:latest,sha256:c29b36629620cf81b35f25201d539c408e16ea9adc3cc386e83aea116306682c,attestation
2026-02-16_Build_&_Release_22070809529_success,buildx,harbor2.vantage6.ai/infrastructure/ssh-tunnel:latest,sha256:62818f55060339c599ad56a0eddc59271976240a86fce611dd6b3979a5530c5d,manifest
2026-02-16_Build_&_Release_22070809529_success,buildx,harbor2.vantage6.ai/infrastructure/ssh-tunnel:latest,sha256:48d13191916cbfc43c639e4628ecc8ba2918e7893b26371eea718bca4b73f96e,attestation
2026-02-16_Build_&_Release_22070809529_success,buildx,harbor2.vantage6.ai/infrastructure/ssh-tunnel:latest,sha256:83f7895ee952c71e1fa00ffd92aedf9671aeb189924ab51b50d6b051568b2e0f,manifest_list
2026-02-16_Build_&_Release_22070809529_success,buildx,harbor2.vantage6.ai/infrastructure/squid:4.13.7,sha256:3cfc012763faf7bf6f3f62e8d79a1009d66a2a6bfacb3798c5b01288fa265994,manifest
2026-02-16_Build_&_Release_22070809529_success,buildx,harbor2.vantage6.ai/infrastructure/squid:4.13.7,sha256:0a0e1cb8351768d24639ad4cd41901bcd9d268a477664a42c7b7d236be3ad0ab,attestation
2026-02-16_Build_&_Release_22070809529_success,buildx,harbor2.vantage6.ai/infrastructure/squid:4.13.7,sha256:7fcdcd1d131cf4ba7831a240a9ee189120d769b3bc447dcb8bb28ac68820e631,manifest
2026-02-16_Build_&_Release_22070809529_success,buildx,harbor2.vantage6.ai/infrastructure/squid:4.13.7,sha256:717ea3686dd908ca66426e5518c0f806e33c31a5e731e3afa2d42db92d2b3472,attestation
2026-02-16_Build_&_Release_22070809529_success,buildx,harbor2.vantage6.ai/infrastructure/squid:4.13.7,sha256:b50a28be9f2f13d78be7308a3d89acdf8fa4e4ad4a969280e7fc4615e7b161da,manifest_list
2026-02-16_Build_&_Release_22070809529_success,buildx,harbor2.vantage6.ai/infrastructure/squid:latest,sha256:3cfc012763faf7bf6f3f62e8d79a1009d66a2a6bfacb3798c5b01288fa265994,manifest
2026-02-16_Build_&_Release_22070809529_success,buildx,harbor2.vantage6.ai/infrastructure/squid:latest,sha256:0a0e1cb8351768d24639ad4cd41901bcd9d268a477664a42c7b7d236be3ad0ab,attestation
2026-02-16_Build_&_Release_22070809529_success,buildx,harbor2.vantage6.ai/infrastructure/squid:latest,sha256:7fcdcd1d131cf4ba7831a240a9ee189120d769b3bc447dcb8bb28ac68820e631,manifest
2026-02-16_Build_&_Release_22070809529_success,buildx,harbor2.vantage6.ai/infrastructure/squid:latest,sha256:717ea3686dd908ca66426e5518c0f806e33c31a5e731e3afa2d42db92d2b3472,attestation
2026-02-16_Build_&_Release_22070809529_success,buildx,harbor2.vantage6.ai/infrastructure/squid:latest,sha256:b50a28be9f2f13d78be7308a3d89acdf8fa4e4ad4a969280e7fc4615e7b161da,manifest_list
2026-02-16_Build_&_Release_22070809529_success,buildx,harbor2.vantage6.ai/infrastructure/algorithm-base:4.13,sha256:ed606c4b3d08b4ac4b5ec7f5a97522e67cbbe8e203e3af944dd45a458017c152,manifest
2026-02-16_Build_&_Release_22070809529_success,buildx,harbor2.vantage6.ai/infrastructure/algorithm-base:4.13,sha256:f1711fc3647625641fff366c41b77fd05feb3571d098f9c1db7a907be4f23a06,attestation
2026-02-16_Build_&_Release_22070809529_success,buildx,harbor2.vantage6.ai/infrastructure/algorithm-base:4.13,sha256:fa7ca90ae7e067a7fcea247b138ba5a9c43c1691c2fb0a3189b4f7f3e219c4e1,manifest
2026-02-16_Build_&_Release_22070809529_success,buildx,harbor2.vantage6.ai/infrastructure/algorithm-base:4.13,sha256:4a149f19dcd970e13dfd73201cc8cf809f2452634f39c5bc895388dd76ba3e45,attestation
2026-02-16_Build_&_Release_22070809529_success,buildx,harbor2.vantage6.ai/infrastructure/algorithm-base:4.13,sha256:0c1d8ed52543dc257ef0e91306d04ffded9b4c524e8376466e6cf92f9cf7ecbc,manifest_list
2026-02-16_Build_&_Release_22070809529_success,buildx,harbor2.vantage6.ai/infrastructure/algorithm-base:latest,sha256:ed606c4b3d08b4ac4b5ec7f5a97522e67cbbe8e203e3af944dd45a458017c152,manifest
2026-02-16_Build_&_Release_22070809529_success,buildx,harbor2.vantage6.ai/infrastructure/algorithm-base:latest,sha256:f1711fc3647625641fff366c41b77fd05feb3571d098f9c1db7a907be4f23a06,attestation
2026-02-16_Build_&_Release_22070809529_success,buildx,harbor2.vantage6.ai/infrastructure/algorithm-base:latest,sha256:fa7ca90ae7e067a7fcea247b138ba5a9c43c1691c2fb0a3189b4f7f3e219c4e1,manifest
2026-02-16_Build_&_Release_22070809529_success,buildx,harbor2.vantage6.ai/infrastructure/algorithm-base:latest,sha256:4a149f19dcd970e13dfd73201cc8cf809f2452634f39c5bc895388dd76ba3e45,attestation
2026-02-16_Build_&_Release_22070809529_success,buildx,harbor2.vantage6.ai/infrastructure/algorithm-base:latest,sha256:0c1d8ed52543dc257ef0e91306d04ffded9b4c524e8376466e6cf92f9cf7ecbc,manifest_list
2026-02-16_Build_&_Release_22070809529_success,buildx,harbor2.vantage6.ai/infrastructure/algorithm-ohdsi-base:4.13,sha256:30562f4d4bb6e7e9cd28beebda73f1b1e9b93327945dfccdf5f0b51f0a91c838,manifest
2026-02-16_Build_&_Release_22070809529_success,buildx,harbor2.vantage6.ai/infrastructure/algorithm-ohdsi-base:4.13,sha256:4d7d0ca9ba48acd586e3c7cb1e35bf16ed13f31286f9989d466a6c526badd3ae,attestation
2026-02-16_Build_&_Release_22070809529_success,buildx,harbor2.vantage6.ai/infrastructure/algorithm-ohdsi-base:4.13,sha256:b9a924d1c6f301f92d47c46c645b9f99255340cf3dc14bcd68c47d64c5b66dbf,manifest_list
2026-02-16_Build_&_Release_22070809529_success,buildx,harbor2.vantage6.ai/infrastructure/algorithm-ohdsi-base:latest,sha256:30562f4d4bb6e7e9cd28beebda73f1b1e9b93327945dfccdf5f0b51f0a91c838,manifest
2026-02-16_Build_&_Release_22070809529_success,buildx,harbor2.vantage6.ai/infrastructure/algorithm-ohdsi-base:latest,sha256:4d7d0ca9ba48acd586e3c7cb1e35bf16ed13f31286f9989d466a6c526badd3ae,attestation
2026-02-16_Build_&_Release_22070809529_success,buildx,harbor2.vantage6.ai/infrastructure/algorithm-ohdsi-base:latest,sha256:b9a924d1c6f301f92d47c46c645b9f99255340cf3dc14bcd68c47d64c5b66dbf,manifest_list
2026-02-16_Build_&_Release_22070809529_success,buildx,harbor2.vantage6.ai/infrastructure/node:4.13.7,sha256:bf2d8417a3403d0c1123b4424a551f5921178bd9fcd593ced16000330d64252b,manifest
2026-02-16_Build_&_Release_22070809529_success,buildx,harbor2.vantage6.ai/infrastructure/node:4.13.7,sha256:b4ffea1c55117ec0310649f307232efce393108bfc3a1616c1e7569f8e7d9edd,attestation
2026-02-16_Build_&_Release_22070809529_success,buildx,harbor2.vantage6.ai/infrastructure/node:4.13.7,sha256:8a83e94e184ac918b7baac868b9f735c926c870b16ebbbe51c6caa6e1a6a6429,manifest
2026-02-16_Build_&_Release_22070809529_success,buildx,harbor2.vantage6.ai/infrastructure/node:4.13.7,sha256:9bb6a455f1e77d1b17322fb56e19ade5b48955288bb659f7257ccda5c85a46b3,attestation
2026-02-16_Build_&_Release_22070809529_success,buildx,harbor2.vantage6.ai/infrastructure/node:4.13.7,sha256:c63817070e412875c70511a661a2cb7c2d5e0cad629bb1b7e5dc28b8fde3847f,manifest_list
2026-02-16_Build_&_Release_22070809529_success,buildx,harbor2.vantage6.ai/infrastructure/server:4.13.7,sha256:bf2d8417a3403d0c1123b4424a551f5921178bd9fcd593ced16000330d64252b,manifest
2026-02-16_Build_&_Release_22070809529_success,buildx,harbor2.vantage6.ai/infrastructure/server:4.13.7,sha256:b4ffea1c55117ec0310649f307232efce393108bfc3a1616c1e7569f8e7d9edd,attestation
2026-02-16_Build_&_Release_22070809529_success,buildx,harbor2.vantage6.ai/infrastructure/server:4.13.7,sha256:8a83e94e184ac918b7baac868b9f735c926c870b16ebbbe51c6caa6e1a6a6429,manifest
2026-02-16_Build_&_Release_22070809529_success,buildx,harbor2.vantage6.ai/infrastructure/server:4.13.7,sha256:9bb6a455f1e77d1b17322fb56e19ade5b48955288bb659f7257ccda5c85a46b3,attestation
2026-02-16_Build_&_Release_22070809529_success,buildx,harbor2.vantage6.ai/infrastructure/server:4.13.7,sha256:c63817070e412875c70511a661a2cb7c2d5e0cad629bb1b7e5dc28b8fde3847f,manifest_list
2026-02-16_Build_&_Release_22070809529_success,buildx,harbor2.vantage6.ai/infrastructure/node:latest,sha256:bf2d8417a3403d0c1123b4424a551f5921178bd9fcd593ced16000330d64252b,manifest
2026-02-16_Build_&_Release_22070809529_success,buildx,harbor2.vantage6.ai/infrastructure/node:latest,sha256:b4ffea1c55117ec0310649f307232efce393108bfc3a1616c1e7569f8e7d9edd,attestation
2026-02-16_Build_&_Release_22070809529_success,buildx,harbor2.vantage6.ai/infrastructure/node:latest,sha256:8a83e94e184ac918b7baac868b9f735c926c870b16ebbbe51c6caa6e1a6a6429,manifest
2026-02-16_Build_&_Release_22070809529_success,buildx,harbor2.vantage6.ai/infrastructure/node:latest,sha256:9bb6a455f1e77d1b17322fb56e19ade5b48955288bb659f7257ccda5c85a46b3,attestation
2026-02-16_Build_&_Release_22070809529_success,buildx,harbor2.vantage6.ai/infrastructure/node:latest,sha256:c63817070e412875c70511a661a2cb7c2d5e0cad629bb1b7e5dc28b8fde3847f,manifest_list
2026-02-16_Build_&_Release_22070809529_success,buildx,harbor2.vantage6.ai/infrastructure/server:latest,sha256:bf2d8417a3403d0c1123b4424a551f5921178bd9fcd593ced16000330d64252b,manifest
2026-02-16_Build_&_Release_22070809529_success,buildx,harbor2.vantage6.ai/infrastructure/server:latest,sha256:b4ffea1c55117ec0310649f307232efce393108bfc3a1616c1e7569f8e7d9edd,attestation
2026-02-16_Build_&_Release_22070809529_success,buildx,harbor2.vantage6.ai/infrastructure/server:latest,sha256:8a83e94e184ac918b7baac868b9f735c926c870b16ebbbe51c6caa6e1a6a6429,manifest
2026-02-16_Build_&_Release_22070809529_success,buildx,harbor2.vantage6.ai/infrastructure/server:latest,sha256:9bb6a455f1e77d1b17322fb56e19ade5b48955288bb659f7257ccda5c85a46b3,attestation
2026-02-16_Build_&_Release_22070809529_success,buildx,harbor2.vantage6.ai/infrastructure/server:latest,sha256:c63817070e412875c70511a661a2cb7c2d5e0cad629bb1b7e5dc28b8fde3847f,manifest_list
2026-02-16_Build_&_Release_22070809529_success,buildx,harbor2.vantage6.ai/infrastructure/algorithm-store:4.13.7,sha256:70bef6a10798c111d6774bee5db31f8ce886f1315f2545930b6271649f631181,manifest
2026-02-16_Build_&_Release_22070809529_success,buildx,harbor2.vantage6.ai/infrastructure/algorithm-store:4.13.7,sha256:5b782e0124a3d678bf65289e5df6926e242ce57402d5d1c269d3ca15d8a2fb50,attestation
2026-02-16_Build_&_Release_22070809529_success,buildx,harbor2.vantage6.ai/infrastructure/algorithm-store:4.13.7,sha256:c3c312a57fb23b53afa477e8ed96f48214d0663f2d8798080dba984695d4962f,manifest
2026-02-16_Build_&_Release_22070809529_success,buildx,harbor2.vantage6.ai/infrastructure/algorithm-store:4.13.7,sha256:2a7adcc9794bf7793fff44ed3934fec30878307e3e8af98f476d730c6ecffec5,attestation
2026-02-16_Build_&_Release_22070809529_success,buildx,harbor2.vantage6.ai/infrastructure/algorithm-store:4.13.7,sha256:1ba6a9bf1cedcfdfb10c2dade4cc4cca46185c259aa23d4fe7d64d8a0c60b0af,manifest_list
2026-02-16_Build_&_Release_22070809529_success,buildx,harbor2.vantage6.ai/infrastructure/algorithm-store:latest,sha256:70bef6a10798c111d6774bee5db31f8ce886f1315f2545930b6271649f631181,manifest
2026-02-16_Build_&_Release_22070809529_success,buildx,harbor2.vantage6.ai/infrastructure/algorithm-store:latest,sha256:5b782e0124a3d678bf65289e5df6926e242ce57402d5d1c269d3ca15d8a2fb50,attestation
2026-02-16_Build_&_Release_22070809529_success,buildx,harbor2.vantage6.ai/infrastructure/algorithm-store:latest,sha256:c3c312a57fb23b53afa477e8ed96f48214d0663f2d8798080dba984695d4962f,manifest
2026-02-16_Build_&_Release_22070809529_success,buildx,harbor2.vantage6.ai/infrastructure/algorithm-store:latest,sha256:2a7adcc9794bf7793fff44ed3934fec30878307e3e8af98f476d730c6ecffec5,attestation
2026-02-16_Build_&_Release_22070809529_success,buildx,harbor2.vantage6.ai/infrastructure/algorithm-store:latest,sha256:1ba6a9bf1cedcfdfb10c2dade4cc4cca46185c259aa23d4fe7d64d8a0c60b0af,manifest_list
2026-02-16_Build_&_Release_22070809529_success,buildx,harbor2.vantage6.ai/infrastructure/ui:4.13.7,sha256:6af294c7eaac06aa7c311c13b3c52dce8278e77ced35c7f63e484d4726479f83,manifest
2026-02-16_Build_&_Release_22070809529_success,buildx,harbor2.vantage6.ai/infrastructure/ui:4.13.7,sha256:3405617050ffd9edf8e8c2da5e98497431a9defc0719193c995b839e2f1ec076,attestation
2026-02-16_Build_&_Release_22070809529_success,buildx,harbor2.vantage6.ai/infrastructure/ui:4.13.7,sha256:6e2c3dda908a716485515af8466ee503bebef503f9f5e6409ac6e4c98afc0132,manifest
2026-02-16_Build_&_Release_22070809529_success,buildx,harbor2.vantage6.ai/infrastructure/ui:4.13.7,sha256:acba8d3062c25e25f46641a2629fa1a7ba23bb9c84eb9bd1161f5a8c901ddbd4,attestation
2026-02-16_Build_&_Release_22070809529_success,buildx,harbor2.vantage6.ai/infrastructure/ui:4.13.7,sha256:95c831b2dc8950c6f124125530c49f721999d8cec6cf11495decdbe44fdbe860,manifest_list
2026-02-16_Build_&_Release_22070809529_success,buildx,harbor2.vantage6.ai/infrastructure/ui:latest,sha256:6af294c7eaac06aa7c311c13b3c52dce8278e77ced35c7f63e484d4726479f83,manifest
2026-02-16_Build_&_Release_22070809529_success,buildx,harbor2.vantage6.ai/infrastructure/ui:latest,sha256:3405617050ffd9edf8e8c2da5e98497431a9defc0719193c995b839e2f1ec076,attestation
2026-02-16_Build_&_Release_22070809529_success,buildx,harbor2.vantage6.ai/infrastructure/ui:latest,sha256:6e2c3dda908a716485515af8466ee503bebef503f9f5e6409ac6e4c98afc0132,manifest
2026-02-16_Build_&_Release_22070809529_success,buildx,harbor2.vantage6.ai/infrastructure/ui:latest,sha256:acba8d3062c25e25f46641a2629fa1a7ba23bb9c84eb9bd1161f5a8c901ddbd4,attestation
2026-02-16_Build_&_Release_22070809529_success,buildx,harbor2.vantage6.ai/infrastructure/ui:latest,sha256:95c831b2dc8950c6f124125530c49f721999d8cec6cf11495decdbe44fdbe860,manifest_list
2026-03-09_Build_&_Release_22846953947_cancelled,buildx,harbor2.vantage6.ai/infrastructure/alpine:5.0.0b3,sha256:f7bbc56c0c4edeb412a7037666c3eaea38f7712c95adbceb2e972e282464d757,manifest
2026-03-09_Build_&_Release_22846953947_cancelled,buildx,harbor2.vantage6.ai/infrastructure/alpine:5.0.0b3,sha256:20cc225fcf5a631ead14389da9132e786c7153304892533e66657edb1285e50c,attestation
2026-03-09_Build_&_Release_22846953947_cancelled,buildx,harbor2.vantage6.ai/infrastructure/alpine:5.0.0b3,sha256:1494307a8b363179c461972661a879d1f7ee1b375222c04473a0a8bbd201e907,manifest
2026-03-09_Build_&_Release_22846953947_cancelled,buildx,harbor2.vantage6.ai/infrastructure/alpine:5.0.0b3,sha256:42d26f264a15f9c79b04d7343e2b573fe9f53f6dfc0eb187e76cf4cac5205d63,attestation
2026-03-09_Build_&_Release_22846953947_cancelled,buildx,harbor2.vantage6.ai/infrastructure/alpine:5.0.0b3,sha256:c8fb06ddb9286a4500eb92a58aa427293ff6570e704eccbcb593202323842e13,manifest_list
2026-03-09_Build_&_Release_22846953947_cancelled,buildx,harbor2.vantage6.ai/infrastructure/node:5.0.0b3,sha256:fe08108a9ed64d5ffc6e9c0dc1161e1b9989684a789706f74dc15d003bfcfb4a,manifest
2026-03-09_Build_&_Release_22846953947_cancelled,buildx,harbor2.vantage6.ai/infrastructure/node:5.0.0b3,sha256:0f184689854bf29b844f305d7b300a3cd6b5df34bdb99c1adcfe882fe771f391,attestation
2026-03-09_Build_&_Release_22846953947_cancelled,buildx,harbor2.vantage6.ai/infrastructure/node:5.0.0b3,sha256:9ef43ec88fa6fd263952b066355ebe01d892ca907defb31baa36176dec9ae55c,manifest
2026-03-09_Build_&_Release_22846953947_cancelled,buildx,harbor2.vantage6.ai/infrastructure/node:5.0.0b3,sha256:6c237731879559bd637fa6579bfb711a4c771dc41a8db323491540e10086cccd,attestation
2026-03-09_Build_&_Release_22846953947_cancelled,buildx,harbor2.vantage6.ai/infrastructure/node:5.0.0b3,sha256:2c58e3818a51b76432cbf37b671280b4dceee4f856e085387bb81ec720ecda0b,manifest_list
2026-03-09_Build_&_Release_22846953947_cancelled,buildx,harbor2.vantage6.ai/infrastructure/hq:5.0.0b3,sha256:fe08108a9ed64d5ffc6e9c0dc1161e1b9989684a789706f74dc15d003bfcfb4a,manifest
2026-03-09_Build_&_Release_22846953947_cancelled,buildx,harbor2.vantage6.ai/infrastructure/hq:5.0.0b3,sha256:0f184689854bf29b844f305d7b300a3cd6b5df34bdb99c1adcfe882fe771f391,attestation
2026-03-09_Build_&_Release_22846953947_cancelled,buildx,harbor2.vantage6.ai/infrastructure/hq:5.0.0b3,sha256:9ef43ec88fa6fd263952b066355ebe01d892ca907defb31baa36176dec9ae55c,manifest
2026-03-09_Build_&_Release_22846953947_cancelled,buildx,harbor2.vantage6.ai/infrastructure/hq:5.0.0b3,sha256:6c237731879559bd637fa6579bfb711a4c771dc41a8db323491540e10086cccd,attestation
2026-03-09_Build_&_Release_22846953947_cancelled,buildx,harbor2.vantage6.ai/infrastructure/hq:5.0.0b3,sha256:2c58e3818a51b76432cbf37b671280b4dceee4f856e085387bb81ec720ecda0b,manifest_list
2026-03-09_Build_&_Release_22846953947_cancelled,buildx,harbor2.vantage6.ai/infrastructure/algorithm-base:5.0,sha256:68784d3829724c0578c9b97be8bb293b04bca70c0c46b8a1a342abc523ceb37f,manifest
2026-03-09_Build_&_Release_22846953947_cancelled,buildx,harbor2.vantage6.ai/infrastructure/algorithm-base:5.0,sha256:1edb12816bee7d63004de30f7931aa838dea8559d61610c5a773af97f67de39c,attestation
2026-03-09_Build_&_Release_22846953947_cancelled,buildx,harbor2.vantage6.ai/infrastructure/algorithm-base:5.0,sha256:d6e377837de36fdb4c1806bc0b840fafe3c6e518cdbd4a2e613d3738094a74f4,manifest
2026-03-09_Build_&_Release_22846953947_cancelled,buildx,harbor2.vantage6.ai/infrastructure/algorithm-base:5.0,sha256:7ec0e3f9b18f83052713d77c93b29a48a32609e19a40db1960ac33fe2e63dddb,attestation
2026-03-09_Build_&_Release_22846953947_cancelled,buildx,harbor2.vantage6.ai/infrastructure/algorithm-base:5.0,sha256:cc81e215759052b6dc54ec1b4c4db9917cfa0cf19d8745ef7996b1fe93221db5,manifest_list
2026-03-09_Build_&_Release_22847466524_success,push,harbor2.vantage6.ai/infrastructure/node:5.0,sha256:dd30c95ad074b327927e4cbde48f1eb5969028845d4f2a4ca1c9f364faebdab0,manifest
2026-03-09_Build_&_Release_22847466524_success,push,harbor2.vantage6.ai/infrastructure/hq:uluru,sha256:dd30c95ad074b327927e4cbde48f1eb5969028845d4f2a4ca1c9f364faebdab0,manifest
2026-03-09_Build_&_Release_22847466524_success,push,harbor2.vantage6.ai/infrastructure/hq:uluru-live,sha256:dd30c95ad074b327927e4cbde48f1eb5969028845d4f2a4ca1c9f364faebdab0,manifest
2026-03-09_Build_&_Release_22847466524_success,push,harbor2.vantage6.ai/infrastructure/node:uluru,sha256:dd30c95ad074b327927e4cbde48f1eb5969028845d4f2a4ca1c9f364faebdab0,manifest
2026-03-09_Build_&_Release_22847466524_success,push,harbor2.vantage6.ai/infrastructure/algorithm-store:uluru,sha256:33935004fe5968efa501f33707ca82bf5e7a8c63e798b02ecc073104a09af235,manifest
2026-03-09_Build_&_Release_22847466524_success,push,harbor2.vantage6.ai/infrastructure/ui:uluru,sha256:29fc6cf9f8b3205666db3dd48dc58aa56ad43c8ca3b25f72c6bf7d911ece701f,manifest
2026-03-09_Build_&_Release_22847466524_success,push,harbor2.vantage6.ai/infrastructure/alpine:5.0,sha256:8637808eae0e7c2a2875ab58a1c7f74999823afdb67b4570e3bf778eeccc119b,manifest
2026-03-09_Build_&_Release_22847466524_success,buildx,harbor2.vantage6.ai/infrastructure/node:5.0.0b4,sha256:6af7fd64756795c6caba6ee920c36d00200e236aec6c84ca730d352a94ff3d72,manifest
2026-03-09_Build_&_Release_22847466524_success,buildx,harbor2.vantage6.ai/infrastructure/node:5.0.0b4,sha256:402d0a91a67162a81b6feef76b5a7e6ef5d8fc01414fd6e5bb3c9280a383ab0a,attestation
2026-03-09_Build_&_Release_22847466524_success,buildx,harbor2.vantage6.ai/infrastructure/node:5.0.0b4,sha256:163caa840a40b952e25ca1827e6e1af05196e11e83c363491d68bfebb07c0298,manifest
2026-03-09_Build_&_Release_22847466524_success,buildx,harbor2.vantage6.ai/infrastructure/node:5.0.0b4,sha256:9deb2f51b94a2df7f2d7e18e4e82de3cb94db8cea45b20fc73cc1dd399aacf16,attestation
2026-03-09_Build_&_Release_22847466524_success,buildx,harbor2.vantage6.ai/infrastructure/node:5.0.0b4,sha256:1f6e21388f79eb4e053e4a56d73221e2389b70733b8b06c0663890401a6fcadb,manifest_list
2026-03-09_Build_&_Release_22847466524_success,buildx,harbor2.vantage6.ai/infrastructure/hq:5.0.0b4,sha256:6af7fd64756795c6caba6ee920c36d00200e236aec6c84ca730d352a94ff3d72,manifest
2026-03-09_Build_&_Release_22847466524_success,buildx,harbor2.vantage6.ai/infrastructure/hq:5.0.0b4,sha256:402d0a91a67162a81b6feef76b5a7e6ef5d8fc01414fd6e5bb3c9280a383ab0a,attestation
2026-03-09_Build_&_Release_22847466524_success,buildx,harbor2.vantage6.ai/infrastructure/hq:5.0.0b4,sha256:163caa840a40b952e25ca1827e6e1af05196e11e83c363491d68bfebb07c0298,manifest
2026-03-09_Build_&_Release_22847466524_success,buildx,harbor2.vantage6.ai/infrastructure/hq:5.0.0b4,sha256:9deb2f51b94a2df7f2d7e18e4e82de3cb94db8cea45b20fc73cc1dd399aacf16,attestation
2026-03-09_Build_&_Release_22847466524_success,buildx,harbor2.vantage6.ai/infrastructure/hq:5.0.0b4,sha256:1f6e21388f79eb4e053e4a56d73221e2389b70733b8b06c0663890401a6fcadb,manifest_list
2026-03-09_Build_&_Release_22847466524_success,buildx,harbor2.vantage6.ai/infrastructure/algorithm-store:5.0.0b4,sha256:21da21f5743819a007e47564bdd50c5e06685b05335713baa7e85663dfe1a590,manifest
2026-03-09_Build_&_Release_22847466524_success,buildx,harbor2.vantage6.ai/infrastructure/algorithm-store:5.0.0b4,sha256:efc3231bce0b3dde75897cce7a92282f4f94a303f0c4d47b2c179698d34595ee,attestation
2026-03-09_Build_&_Release_22847466524_success,buildx,harbor2.vantage6.ai/infrastructure/algorithm-store:5.0.0b4,sha256:7330af8f3ebda4351c7ebc3f3e851ec030ccca579262ae56ed985633bee29213,manifest
2026-03-09_Build_&_Release_22847466524_success,buildx,harbor2.vantage6.ai/infrastructure/algorithm-store:5.0.0b4,sha256:29570b63fde5509dda78089f8d72083c0c7e71aa37ad9392b62203a7b9efe6d5,attestation
2026-03-09_Build_&_Release_22847466524_success,buildx,harbor2.vantage6.ai/infrastructure/algorithm-store:5.0.0b4,sha256:071cbe3670c4be1e3d086dd8f1c2bed2d9fd429907ca6eb671200352bc8a9692,manifest_list
2026-03-09_Build_&_Release_22847466524_success,buildx,harbor2.vantage6.ai/infrastructure/ui:5.0.0b4,sha256:6a5d44c9abd510537818740021b7e9e95f228711bed21abd72561d4e059ca2a2,manifest
2026-03-09_Build_&_Release_22847466524_success,buildx,harbor2.vantage6.ai/infrastructure/ui:5.0.0b4,sha256:6f24161280cccb04752feec1cb8a7723d06f619fada9dfd22d72fb06bd1c3160,attestation
2026-03-09_Build_&_Release_22847466524_success,buildx,harbor2.vantage6.ai/infrastructure/ui:5.0.0b4,sha256:fb2e2e29f14c2ef73ae04d59ba705dcf7e80e4b0ba3dd7fb9645800c5215ce67,manifest
2026-03-09_Build_&_Release_22847466524_success,buildx,harbor2.vantage6.ai/infrastructure/ui:5.0.0b4,sha256:711cb8cace6d093e9808535c408578ee04bfe1ca28b2192e471349037e4468fd,attestation
2026-03-09_Build_&_Release_22847466524_success,buildx,harbor2.vantage6.ai/infrastructure/ui:5.0.0b4,sha256:bdd89e09f5b07999f8683b1994aa365164b2c340efaee2377f62c859c906f504,manifest_list
2026-03-09_Build_&_Release_22847466524_success,buildx,harbor2.vantage6.ai/infrastructure/algorithm-base:5.0,sha256:6a5b7753bd107454085f0a89b3b6cee044e4faf19dad6268458edb767df6f1b4,manifest
2026-03-09_Build_&_Release_22847466524_success,buildx,harbor2.vantage6.ai/infrastructure/algorithm-base:5.0,sha256:ba1700883bdb131252b928aae8e24e74f07e8960cdb5e17d9b2d88746ca0db2f,attestation
2026-03-09_Build_&_Release_22847466524_success,buildx,harbor2.vantage6.ai/infrastructure/algorithm-base:5.0,sha256:0996d19b6c43657a90bc4d49b08ea0eb1fc6967e80b083d74046600ff5fe90b9,manifest
2026-03-09_Build_&_Release_22847466524_success,buildx,harbor2.vantage6.ai/infrastructure/algorithm-base:5.0,sha256:a723a49d3f40943ce1c2aa0ee8e0c35bfc64cbac76de79d6f971c540ba7edc98,attestation
2026-03-09_Build_&_Release_22847466524_success,buildx,harbor2.vantage6.ai/infrastructure/algorithm-base:5.0,sha256:086edf43e4d3873480cd7b2befd5870a112c1889ac6e0d5ca7ec0d92b25934c1,manifest_list
2026-03-09_Build_&_Release_22847466524_success,buildx,harbor2.vantage6.ai/infrastructure/algorithm-ohdsi-base:5.0,sha256:bccd52aebda1ecab519152f3b122183bd580e0a5e2671d066de25fabcbb6b5ae,manifest
2026-03-09_Build_&_Release_22847466524_success,buildx,harbor2.vantage6.ai/infrastructure/algorithm-ohdsi-base:5.0,sha256:43c1d62b15c45404cb0edeaff1ee1a1e106f325e67810a00da19139a5bbf3578,attestation
2026-03-09_Build_&_Release_22847466524_success,buildx,harbor2.vantage6.ai/infrastructure/algorithm-ohdsi-base:5.0,sha256:5a7c801d19d3cd8188e035fcab431289e89219b358d9e411ecd02743a2ba8ca3,manifest_list
2026-03-09_Build_&_Release_22847466524_success,buildx,harbor2.vantage6.ai/infrastructure/alpine:5.0.0b4,sha256:f7bbc56c0c4edeb412a7037666c3eaea38f7712c95adbceb2e972e282464d757,manifest
2026-03-09_Build_&_Release_22847466524_success,buildx,harbor2.vantage6.ai/infrastructure/alpine:5.0.0b4,sha256:98145efaa00a72dd073df0c7b11be598e0008a8b6141572d8a1534911eea89c6,attestation
2026-03-09_Build_&_Release_22847466524_success,buildx,harbor2.vantage6.ai/infrastructure/alpine:5.0.0b4,sha256:1494307a8b363179c461972661a879d1f7ee1b375222c04473a0a8bbd201e907,manifest
2026-03-09_Build_&_Release_22847466524_success,buildx,harbor2.vantage6.ai/infrastructure/alpine:5.0.0b4,sha256:017640caa824edc5955e8106ccc27a197a810a4fcb5c7c0094c2fa2b03013937,attestation
2026-03-09_Build_&_Release_22847466524_success,buildx,harbor2.vantage6.ai/infrastructure/alpine:5.0.0b4,sha256:c6aeadc999f389dd308f43f576d5b1126f40863c88a0326c67c79937d392c9a6,manifest_list
2026-03-24_Build_&_Release_23477880558_success,push,harbor2.vantage6.ai/infrastructure/node:4.14,sha256:27c474dc5eeb29f96e4b7eb3b346bae3f732e716789b4d0824f5c5775f177c5a,manifest
2026-03-24_Build_&_Release_23477880558_success,push,harbor2.vantage6.ai/infrastructure/alpine:4.14,sha256:8637808eae0e7c2a2875ab58a1c7f74999823afdb67b4570e3bf778eeccc119b,manifest
2026-03-24_Build_&_Release_23477880558_success,push,harbor2.vantage6.ai/infrastructure/vpn-client:4.14,sha256:456f13e6167ea42c7e04d3b183f303cd819f2cfd70886672a06a47b1fe365d4c,manifest
2026-03-24_Build_&_Release_23477880558_success,push,harbor2.vantage6.ai/infrastructure/vpn-configurator:4.14,sha256:bcae882be802c76ddda924b62e64196acd243d0ce408e5ed773660ab562e60e9,manifest
2026-03-24_Build_&_Release_23477880558_success,push,harbor2.vantage6.ai/infrastructure/ssh-tunnel:4.14,sha256:47d435800bd9d2fcc67605a87691ce31add6a3cd896860ea813b42cfc60e7382,manifest
2026-03-24_Build_&_Release_23477880558_success,push,harbor2.vantage6.ai/infrastructure/squid:4.14,sha256:4dec2a7dfe28d0a5f35302c10864e5ca002e01fabd2823b842c51358af231a6c,manifest
2026-03-24_Build_&_Release_23481792348_success,push,harbor2.vantage6.ai/infrastructure/node:4.14,sha256:adb329157ec8d1671855005c240c9345ae63b4eff2c04448838045662982ff80,manifest
2026-03-24_Build_&_Release_23481792348_success,push,harbor2.vantage6.ai/infrastructure/server:cotopaxi,sha256:adb329157ec8d1671855005c240c9345ae63b4eff2c04448838045662982ff80,manifest
2026-03-24_Build_&_Release_23481792348_success,push,harbor2.vantage6.ai/infrastructure/server:cotopaxi-live,sha256:adb329157ec8d1671855005c240c9345ae63b4eff2c04448838045662982ff80,manifest
2026-03-24_Build_&_Release_23481792348_success,push,harbor2.vantage6.ai/infrastructure/node:cotopaxi,sha256:adb329157ec8d1671855005c240c9345ae63b4eff2c04448838045662982ff80,manifest
2026-03-24_Build_&_Release_23481792348_success,push,harbor2.vantage6.ai/infrastructure/algorithm-store:cotopaxi,sha256:5ab4b01f3421336b13f80649a121203d5f270ad1a3640acce9b5c606c92e1095,manifest
2026-03-24_Build_&_Release_23481792348_success,push,harbor2.vantage6.ai/infrastructure/ui:cotopaxi,sha256:34c08f229827d2b02df41b74add7e7cfe8329d20e8126d0f80f792fd53a2c430,manifest
2026-03-24_Build_&_Release_23481792348_success,push,harbor2.vantage6.ai/infrastructure/vpn-client:4.14,sha256:935e1d17289ac3fed4c892945ea3c4c1c70fed0027f1cd8d96b635d5b59ded97,manifest
2026-03-24_Build_&_Release_23481792348_success,push,harbor2.vantage6.ai/infrastructure/vpn-configurator:4.14,sha256:65da3cac6fcd27a821fdcc1b31a41e68be647a7432bd67f6e00d777eec6866f8,manifest
2026-03-24_Build_&_Release_23481792348_success,push,harbor2.vantage6.ai/infrastructure/ssh-tunnel:4.14,sha256:e1d0426deab85b1c9a50dc687f8f62da558bc2b487566ec1512c2fe4b24b8e7b,manifest
2026-03-24_Build_&_Release_23481792348_success,push,harbor2.vantage6.ai/infrastructure/squid:4.14,sha256:5cfbfa5713e595c6fe5e8b09293d0f41defd3152405f55e61d3233e65310a698,manifest
2026-03-24_Build_&_Release_23485555970_success,push,harbor2.vantage6.ai/infrastructure/node:5.0,sha256:d03936f4cfa1605a19f3e8fa83b8d8e73974a0db3d3e822b0ee03612b7a71d8c,manifest
2026-03-24_Build_&_Release_23485555970_success,push,harbor2.vantage6.ai/infrastructure/hq:uluru,sha256:d03936f4cfa1605a19f3e8fa83b8d8e73974a0db3d3e822b0ee03612b7a71d8c,manifest
2026-03-24_Build_&_Release_23485555970_success,push,harbor2.vantage6.ai/infrastructure/hq:uluru-live,sha256:d03936f4cfa1605a19f3e8fa83b8d8e73974a0db3d3e822b0ee03612b7a71d8c,manifest
2026-03-24_Build_&_Release_23485555970_success,push,harbor2.vantage6.ai/infrastructure/node:uluru,sha256:d03936f4cfa1605a19f3e8fa83b8d8e73974a0db3d3e822b0ee03612b7a71d8c,manifest
2026-03-24_Build_&_Release_23485555970_success,push,harbor2.vantage6.ai/infrastructure/algorithm-store:uluru,sha256:0f73ef5e3d745fbf78fe014128adfaf3cb3faec1349cc08735ee4af7671a5aaa,manifest
2026-03-24_Build_&_Release_23485555970_success,push,harbor2.vantage6.ai/infrastructure/ui:uluru,sha256:9866cb12f6e2506eec5dc289833162d1f59ae24562c5546d234b86730855d1f5,manifest
2026-03-30_Build_&_Release_23733619050_success,push,harbor2.vantage6.ai/infrastructure/node:5.0,sha256:8997bdde325391bfcc4503d506718f34a44deea77db68dad8286d70ee9d4cba3,manifest
2026-03-30_Build_&_Release_23733619050_success,push,harbor2.vantage6.ai/infrastructure/hq:uluru,sha256:8997bdde325391bfcc4503d506718f34a44deea77db68dad8286d70ee9d4cba3,manifest
2026-03-30_Build_&_Release_23733619050_success,push,harbor2.vantage6.ai/infrastructure/hq:uluru-live,sha256:8997bdde325391bfcc4503d506718f34a44deea77db68dad8286d70ee9d4cba3,manifest
2026-03-30_Build_&_Release_23733619050_success,push,harbor2.vantage6.ai/infrastructure/node:uluru,sha256:8997bdde325391bfcc4503d506718f34a44deea77db68dad8286d70ee9d4cba3,manifest
2026-03-30_Build_&_Release_23733619050_success,push,harbor2.vantage6.ai/infrastructure/algorithm-store:uluru,sha256:758cfd6fbee67dc3888065e95721dc9a1325adbd26513cc9ef4faaf1f9f271e2,manifest
2026-03-30_Build_&_Release_23733619050_success,push,harbor2.vantage6.ai/infrastructure/ui:uluru,sha256:c7aa23d01908afce1b905cb12e117ae5998cc22de60e30a346a99ed4784f988c,manifest
